username,repository_name,image_link,created_at,last_updated,last_modified,pull_count,star_count,description
adarshrk568,dscc,https://hub.docker.com/r/adarshrk568/dscc,2025-07-07,2025-07-07,2025-11-09,12,0,lab exercise
adarshrk568,db-connector-image,https://hub.docker.com/r/adarshrk568/db-connector-image,2025-07-07,2025-07-07,2025-11-11,19,0,lab exercise : Database connection App
adarshrk568,web-scrapper,https://hub.docker.com/r/adarshrk568/web-scrapper,2025-07-09,2025-07-09,2025-11-09,18,0,lab exercise
adarshrk568,custom-ipfs-node,https://hub.docker.com/r/adarshrk568/custom-ipfs-node,2025-07-16,2025-08-21,2025-11-11,46,0,"Assignment : IPFS node container on linux for file upload,IPNS publish,pinning and share"
adarshrk568,lab1,https://hub.docker.com/r/adarshrk568/lab1,2025-08-20,2025-08-20,2025-11-09,11,0,Assignment
adarshrk568,flask-app,https://hub.docker.com/r/adarshrk568/flask-app,2025-10-30,2025-10-30,2025-11-11,31,0,Assignment : Flask app
adithyans636,practice,https://hub.docker.com/r/adithyans636/practice,2025-07-07,2025-07-08,2025-11-10,19,0,"Creates a folder DSCC & a file Lab1.txt, echoes ""adithyans636"", and runs cat Lab1.txt - Practice."
adithyans636,lab1-app,https://hub.docker.com/r/adithyans636/lab1-app,2025-07-07,2025-07-07,2025-11-10,16,0,Docker image for database connector - Lab exercise
adithyans636,scraper,https://hub.docker.com/r/adithyans636/scraper,2025-07-09,2025-07-10,2025-11-10,32,0,Runs python script to scrape and print all <h1> and <h2> tags from a webpage - Lab exercise
adithyans636,lab-eval1,https://hub.docker.com/r/adithyans636/lab-eval1,2025-07-12,2025-07-12,2025-11-10,10,0,Hosts a website using NGINX - Lab evaluation
adithyans636,ipfs-docker,https://hub.docker.com/r/adithyans636/ipfs-docker,2025-07-16,2025-07-16,2025-11-10,36,0,Downloads and sets up ipfs network - Lab exercise.
adithyans636,ipfs-private,https://hub.docker.com/r/adithyans636/ipfs-private,2025-08-13,2025-08-13,2025-11-10,34,0,Downloads kubo and sets up a private ipfs network - Lab assignment.
adithyans636,midtermeval,https://hub.docker.com/r/adithyans636/midtermeval,2025-08-21,2025-08-21,2025-11-10,21,0,This docker image hosts a website that lets you download docker image from IPFS  - Midterm
adithyans636,test1,https://hub.docker.com/r/adithyans636/test1,2025-10-23,2025-10-23,2025-11-10,21,0,"The docker image hosts a webpage that displays ""Hello World""- Practice"
agil2004,practice-exercise,https://hub.docker.com/r/agil2004/practice-exercise,2025-07-17,2025-07-17,2025-11-11,19,0,Assignment 0: Flask app connecting to PostgreSQL for secure database access via environment vars.
agil2004,db-connector,https://hub.docker.com/r/agil2004/db-connector,2025-07-17,2025-07-17,2025-11-11,19,0,"Assignment 1 Database connection app using Python to link, query, and manage records securely."
agil2004,additional-assignment,https://hub.docker.com/r/agil2004/additional-assignment,2025-07-17,2025-07-17,2025-11-11,16,0,"Assignment-2: Python web scraper using BeautifulSoup to extract, parse, and store data."
agil2004,custom-ipfs-node,https://hub.docker.com/r/agil2004/custom-ipfs-node,2025-07-30,2025-07-30,2025-11-11,37,0,"Class Assignment: IPFS node container on Ubuntu for file upload, IPNS publish, pinning, and share"
agil2004,lab1,https://hub.docker.com/r/agil2004/lab1,2025-08-20,2025-08-20,2025-11-11,17,0,Assignment 0: Flask app connecting to PostgreSQL for secure database access via environment vars.
agil2004,flaskapp,https://hub.docker.com/r/agil2004/flaskapp,2025-08-21,2025-08-21,2025-11-11,18,0,MIDTERM-Lightweight Flask app showing student ID and name via env variables.
agil2004,nginx,https://hub.docker.com/r/agil2004/nginx,2025-11-12,2025-11-12,2025-11-12,7,0,
aish2913,alpine-dscc,https://hub.docker.com/r/aish2913/alpine-dscc,2025-07-07,2025-07-07,2025-11-10,14,0,Assignment0:Alpine-based Docker image  with basic setup and environment configuration.
aish2913,db-connector,https://hub.docker.com/r/aish2913/db-connector,2025-07-07,2025-07-07,2025-11-10,29,0,"Assignment 1: Database connection app using Python to link, query, and manage records securely."
aish2913,python-web-scraper,https://hub.docker.com/r/aish2913/python-web-scraper,2025-07-09,2025-07-09,2025-11-10,16,0,"Assignment 2: Python web scraper using BeautifulSoup to extract, parse, and store data."
aish2913,website,https://hub.docker.com/r/aish2913/website,2025-07-12,2025-07-12,2025-11-10,16,0,NGINX Docker image setup with entrypoint and configuration scripts.
aish2913,flaskapp,https://hub.docker.com/r/aish2913/flaskapp,2025-08-21,2025-08-21,2025-11-10,17,0,Flask app connecting to PostgreSQL for secure database access via environment variables.
aish2913,flaskmidterm,https://hub.docker.com/r/aish2913/flaskmidterm,2025-10-30,2025-10-30,2025-11-10,16,0,Flask app showing student ID and name via environment variables.
aish2913,ipfs-nginx-cys-endsem-22004,https://hub.docker.com/r/aish2913/ipfs-nginx-cys-endsem-22004,2025-11-10,2025-11-10,2025-11-10,31,0,"Ubuntu NGINX + IPFS image automating JSON upload, IPNS publish, pinning."
amalpromass,dscc-lab1-practice-exercise,https://hub.docker.com/r/amalpromass/dscc-lab1-practice-exercise,2025-07-08,2025-07-08,2025-11-10,12,0,lab 1 practice exercise
amalpromass,dscc-lab1-db,https://hub.docker.com/r/amalpromass/dscc-lab1-db,2025-07-08,2025-07-08,2025-11-10,15,0,lab 1 which includes the data base
amalpromass,dscc-lab1-additional-assigment,https://hub.docker.com/r/amalpromass/dscc-lab1-additional-assigment,2025-07-09,2025-07-09,2025-11-10,3,0,lab 1 additional assigment
amalpromass,lev-1,https://hub.docker.com/r/amalpromass/lev-1,2025-07-12,2025-07-12,2025-11-10,8,0,The first lab eval
amalpromass,ipfs-node,https://hub.docker.com/r/amalpromass/ipfs-node,2025-07-16,2025-07-16,2025-11-10,36,0,ipfs node pratice lab
amalpromass,private-ipfs,https://hub.docker.com/r/amalpromass/private-ipfs,2025-08-13,2025-08-13,2025-11-10,30,0,private ipfs pratice lab
amalpromass,v1,https://hub.docker.com/r/amalpromass/v1,2025-08-21,2025-08-21,2025-11-10,9,0,this is midterm lab eval version 1 image
amalpromass,v1.2,https://hub.docker.com/r/amalpromass/v1.2,2025-08-21,2025-08-21,2025-11-10,12,0,this is midterm lab eval version 1.2 image
amalpromass,ipfs-nginx-cys-endsem-22005,https://hub.docker.com/r/amalpromass/ipfs-nginx-cys-endsem-22005,2025-10-31,2025-10-31,2025-11-10,33,0,This is the EndSem lab eval image.
darkstorm22,lab1-practice_excersise,https://hub.docker.com/r/darkstorm22/lab1-practice_excersise,2025-07-09,2025-07-09,2025-11-10,1,0,Practice exercise (attempt 1)
darkstorm22,lab1-practice-excersise,https://hub.docker.com/r/darkstorm22/lab1-practice-excersise,2025-07-09,2025-07-09,2025-11-10,1,0,Practice exercise (attempt 2)
darkstorm22,lab1-practice-exercise,https://hub.docker.com/r/darkstorm22/lab1-practice-exercise,2025-07-09,2025-07-09,2025-11-10,1,0,Practice exercise (attempt 3)
darkstorm22,db-connector-app,https://hub.docker.com/r/darkstorm22/db-connector-app,2025-07-09,2025-07-09,2025-11-10,6,0,Assignment 1: Database connection app using Python
darkstorm22,web-scraper-app,https://hub.docker.com/r/darkstorm22/web-scraper-app,2025-07-09,2025-07-09,2025-11-10,11,0,Assignment - 2 : Python web scraper
darkstorm22,labeval,https://hub.docker.com/r/darkstorm22/labeval,2025-07-12,2025-07-12,2025-11-10,13,0,Lab Evaluation 1
darkstorm22,custom-ipfs-node,https://hub.docker.com/r/darkstorm22/custom-ipfs-node,2025-07-16,2025-07-16,2025-11-10,31,0,Practice Custom IPFS Node
darkstorm22,private-ipfs,https://hub.docker.com/r/darkstorm22/private-ipfs,2025-08-13,2025-08-13,2025-11-10,25,0,Practice Private IPFS
darkstorm22,flaskapp,https://hub.docker.com/r/darkstorm22/flaskapp,2025-08-21,2025-08-21,2025-11-10,14,0,Midterm: Dockerized Flask App with IPNS-Backed Docker Image Hosting
darkstorm22,ipfs-nginx-cys-endsem-22006,https://hub.docker.com/r/darkstorm22/ipfs-nginx-cys-endsem-22006,2025-10-31,2025-10-31,2025-11-10,28,0,EndSem: IPFS node & NGINX server to auto-upload and serve files.
anaswarasureshmk,dscc-lab1,https://hub.docker.com/r/anaswarasureshmk/dscc-lab1,2025-07-07,2025-07-07,2025-11-10,9,0,Container sets a roll number environment variable and runs a shell. Done for Lab 1 exercise.
anaswarasureshmk,mongo-connector,https://hub.docker.com/r/anaswarasureshmk/mongo-connector,2025-07-07,2025-07-07,2025-11-10,21,0,Python app connecting to MongoDB using environment variables. Done for lab exercise.
anaswarasureshmk,dscc-lab2,https://hub.docker.com/r/anaswarasureshmk/dscc-lab2,2025-07-09,2025-07-10,2025-11-10,17,0,A web scraper that collects data from a target URL using environment variables. Done for Lab 2.
anaswarasureshmk,lab1eval,https://hub.docker.com/r/anaswarasureshmk/lab1eval,2025-07-12,2025-07-12,2025-11-10,11,0,NGINX web server container built and configured for Lab 1 Evaluation.
anaswarasureshmk,ipfs-docker-node,https://hub.docker.com/r/anaswarasureshmk/ipfs-docker-node,2025-07-16,2025-07-16,2025-11-10,35,0,Sets up an IPFS network on Ubuntu for uploading and sharing files via IPNS. Done for lab exercise.
anaswarasureshmk,flaskapp,https://hub.docker.com/r/anaswarasureshmk/flaskapp,2025-08-21,2025-10-31,2025-11-10,34,0,Lightweight Flask app showing student ID and name using environment variables. Done for Midterm lab
anaswarasureshmk,ipfs-nginx-cys-endsem-22007,https://hub.docker.com/r/anaswarasureshmk/ipfs-nginx-cys-endsem-22007,2025-10-31,2025-10-31,2025-11-10,31,0,NGINX + IPFS container automating JSON uploads and IPNS publishing. Done for end-sem evaluation.
lol0lol,alpine-dscc,https://hub.docker.com/r/lol0lol/alpine-dscc,2025-07-08,2025-07-09,2025-11-10,12,0,Lab Assignment Basic Docker
lol0lol,db-connector,https://hub.docker.com/r/lol0lol/db-connector,2025-07-09,2025-07-09,2025-11-10,7,0,Lab Assignment DB Connector
lol0lol,web-scraper,https://hub.docker.com/r/lol0lol/web-scraper,2025-07-09,2025-07-09,2025-11-10,12,0,Lab Assignment Web Scraper
lol0lol,lab1eval,https://hub.docker.com/r/lol0lol/lab1eval,2025-07-12,2025-07-12,2025-11-10,13,0,Lab Evaluation - 1 Basic Docker
lol0lol,docker-ipfs,https://hub.docker.com/r/lol0lol/docker-ipfs,2025-07-17,2025-07-17,2025-11-10,29,0,Lab Assignment - ipfs
lol0lol,ipns-private,https://hub.docker.com/r/lol0lol/ipns-private,2025-08-13,2025-08-14,2025-11-10,19,0,Lab Assignment - ipns
lol0lol,mid-lab,https://hub.docker.com/r/lol0lol/mid-lab,2025-08-21,2025-08-21,2025-11-10,17,0,Mid Term Lab Evaluation - ipfs-flask
lol0lol,ipfs-nginx-cys-endsem-22008,https://hub.docker.com/r/lol0lol/ipfs-nginx-cys-endsem-22008,2025-10-31,2025-10-31,2025-11-10,39,0,End Semester Lab Evaluation - ipfs-nginx
cbenu4cys22009,clouddemo,https://hub.docker.com/r/cbenu4cys22009/clouddemo,2025-07-07,2025-07-07,2025-11-11,11,0,Assignment 0 Cloud demo image repository
cbenu4cys22009,dscc-lab1,https://hub.docker.com/r/cbenu4cys22009/dscc-lab1,2025-07-07,2025-07-07,2025-11-11,12,0,"DSCC-lab1 ,practice"
cbenu4cys22009,db-connector,https://hub.docker.com/r/cbenu4cys22009/db-connector,2025-07-07,2025-07-07,2025-11-11,19,0,"Assignment 1,db connector"
cbenu4cys22009,web-scraper,https://hub.docker.com/r/cbenu4cys22009/web-scraper,2025-07-09,2025-07-10,2025-11-11,23,0,"Assignment 2,Web scraper using python"
cbenu4cys22009,website,https://hub.docker.com/r/cbenu4cys22009/website,2025-07-12,2025-07-12,2025-11-11,9,0,Dockerfile for building an NGINX container image with custom entrypoint and configuration scripts.
cbenu4cys22009,custom-ipfs-node,https://hub.docker.com/r/cbenu4cys22009/custom-ipfs-node,2025-07-16,2025-07-16,2025-11-11,29,0,Docker private ipfs node
cbenu4cys22009,flaskapp,https://hub.docker.com/r/cbenu4cys22009/flaskapp,2025-08-21,2025-08-21,2025-11-11,21,0,Mid term evaluation
aadhithyasiv,practice-exercise,https://hub.docker.com/r/aadhithyasiv/practice-exercise,2025-07-07,2025-07-07,2025-11-11,14,0,
aadhithyasiv,db-connector-app,https://hub.docker.com/r/aadhithyasiv/db-connector-app,2025-07-07,2025-07-07,2025-11-11,22,0,
aadhithyasiv,practice,https://hub.docker.com/r/aadhithyasiv/practice,2025-07-08,2025-07-08,2025-11-09,23,0,
aadhithyasiv,py-scraper,https://hub.docker.com/r/aadhithyasiv/py-scraper,2025-07-09,2025-07-09,2025-11-11,10,0,
aadhithyasiv,python-scraper,https://hub.docker.com/r/aadhithyasiv/python-scraper,2025-07-09,2025-07-09,2025-11-11,10,0,
aadhithyasiv,py-scraperr,https://hub.docker.com/r/aadhithyasiv/py-scraperr,2025-07-09,2025-07-09,2025-11-11,14,0,
aadhithyasiv,private-ipfs,https://hub.docker.com/r/aadhithyasiv/private-ipfs,2025-08-13,2025-08-13,2025-11-11,41,0,
aadhithyasiv,ipfstest,https://hub.docker.com/r/aadhithyasiv/ipfstest,2025-08-20,2025-08-20,2025-11-11,35,0,
aadhithyasiv,flashapp,https://hub.docker.com/r/aadhithyasiv/flashapp,2025-08-21,2025-08-21,2025-11-11,15,0,
aadhithyasiv,app,https://hub.docker.com/r/aadhithyasiv/app,2025-08-21,2025-08-21,2025-11-11,17,0,
aadhithyasiv,ipfs-nginx-cys-endsem-22010,https://hub.docker.com/r/aadhithyasiv/ipfs-nginx-cys-endsem-22010,2025-10-31,2025-10-31,2025-11-09,28,0,
akshit404,idk,https://hub.docker.com/r/akshit404/idk,2025-07-12,2025-07-12,2025-07-12,7,0,
akshit404,flask-midterm,https://hub.docker.com/r/akshit404/flask-midterm,2025-08-21,2025-08-21,2025-08-21,15,0,
dockerthingy123,dscc_lab1,https://hub.docker.com/r/dockerthingy123/dscc_lab1,2025-07-07,2025-07-07,2025-11-11,14,0,Lab_1
dockerthingy123,python-db-connector,https://hub.docker.com/r/dockerthingy123/python-db-connector,2025-07-07,2025-07-07,2025-11-11,22,0,Connecting to DB
dockerthingy123,my-scraper,https://hub.docker.com/r/dockerthingy123/my-scraper,2025-07-09,2025-07-09,2025-11-11,9,0,Scraping websites
dockerthingy123,ipfsnode,https://hub.docker.com/r/dockerthingy123/ipfsnode,2025-07-16,2025-07-16,2025-07-16,22,0,
dockerthingy123,privateipfsnode1,https://hub.docker.com/r/dockerthingy123/privateipfsnode1,2025-08-13,2025-08-13,2025-11-11,15,0,ipfs node creation
dockerthingy123,privateipfsnode2,https://hub.docker.com/r/dockerthingy123/privateipfsnode2,2025-08-13,2025-08-13,2025-11-11,25,0,ipfs node creation
dockerthingy123,flaskapp,https://hub.docker.com/r/dockerthingy123/flaskapp,2025-08-21,2025-08-21,2025-11-11,19,0,Midterm evaluation
dockerthingy123,dockerthingy,https://hub.docker.com/r/dockerthingy123/dockerthingy,2025-10-31,2025-10-31,2025-11-11,24,0,End semester lab evaluation
sai150404,db-connector-lab1,https://hub.docker.com/r/sai150404/db-connector-lab1,2025-07-08,2025-07-08,2025-11-12,13,0,"Assignment 1: Database connection app using Python to link, query, and manage records securely."
sai150404,web-scraper-app,https://hub.docker.com/r/sai150404/web-scraper-app,2025-07-11,2025-07-11,2025-11-12,22,0,"Assignment - 2 : Python web scraper using BeautifulSoup to extract, parse, and store data."
sai150404,lab1eval,https://hub.docker.com/r/sai150404/lab1eval,2025-07-12,2025-07-12,2025-11-12,10,0,"Class Assignment: IPFS node container on Ubuntu for file upload, IPNS publish, pinning, and share."
sai150404,midtermexam,https://hub.docker.com/r/sai150404/midtermexam,2025-08-21,2025-08-21,2025-11-12,20,0,MIDTERM - Lightweight Flask app showing student ID and name via env variables.
sai150404,flaskapp,https://hub.docker.com/r/sai150404/flaskapp,2025-10-31,2025-10-31,2025-11-12,28,0,MIDTERM - Lightweight Flask app showing student ID and name via env variables.
prem011,web-scraper,https://hub.docker.com/r/prem011/web-scraper,2025-07-09,2025-07-09,2025-11-10,12,0,Assignment-2:Python web scraper using BeautifulSoup to extract and store data.
prem011,lab1-image,https://hub.docker.com/r/prem011/lab1-image,2025-07-09,2025-07-09,2025-11-10,2,0,"ipfs-node: IPFS node on Ubuntu for file upload, IPNS publish, and sharing."
prem011,db-connector-image,https://hub.docker.com/r/prem011/db-connector-image,2025-07-09,2025-07-09,2025-11-10,8,0,"Assignment-1:Python app for secure DB link, query, and record management."
prem011,lab1eval,https://hub.docker.com/r/prem011/lab1eval,2025-07-12,2025-07-12,2025-11-10,15,0,Flask app connecting to PostgreSQL using env vars for secure access.
prem011,flaskmidterm,https://hub.docker.com/r/prem011/flaskmidterm,2025-09-29,2025-09-29,2025-11-10,34,0,Lightweight Flask app showing student ID and name via env vars.
prem011,ipfs-nginx-cys-endsem-22014,https://hub.docker.com/r/prem011/ipfs-nginx-cys-endsem-22014,2025-10-31,2025-10-31,2025-11-10,25,0,"EndSem: Ubuntu + NGINX + IPFS for automated JSON upload, IPNS publish, pin, and serve."
rishi3161,my-scraper,https://hub.docker.com/r/rishi3161/my-scraper,2025-07-09,2025-07-09,2025-07-09,9,0,
rishi3161,dscc-lab1,https://hub.docker.com/r/rishi3161/dscc-lab1,2025-07-10,2025-07-10,2025-07-10,7,0,
rishi3161,db-connector,https://hub.docker.com/r/rishi3161/db-connector,2025-07-10,2025-07-10,2025-07-10,16,0,
rishi3161,lab-eval1,https://hub.docker.com/r/rishi3161/lab-eval1,2025-07-12,2025-07-12,2025-07-12,11,0,
rishi3161,ipfs-node,https://hub.docker.com/r/rishi3161/ipfs-node,2025-07-16,2025-07-16,2025-07-16,21,0,
rishi3161,flaskmidterm,https://hub.docker.com/r/rishi3161/flaskmidterm,2025-09-29,2025-09-29,2025-09-29,47,0,
rishi3161,ipfs-nginx-cys-endsem-22015,https://hub.docker.com/r/rishi3161/ipfs-nginx-cys-endsem-22015,2025-10-31,2025-10-31,2025-10-31,25,0,
ams7,mongo-connector-app,https://hub.docker.com/r/ams7/mongo-connector-app,2025-07-07,2025-07-07,2025-11-10,13,0,"Assignment 1: Database connection app using Python to link, query, and manage records securely."
ams7,dscc-lab1,https://hub.docker.com/r/ams7/dscc-lab1,2025-07-07,2025-07-07,2025-11-10,9,0,Assignment 0: Flask app connecting to PostgreSQL for secure database access via environment vars.
ams7,web-scraper,https://hub.docker.com/r/ams7/web-scraper,2025-07-09,2025-07-10,2025-11-10,16,0,"Assignment - 2: Python web scraper using BeautifulSoup to extract, parse, and store data."
ams7,lab1eval,https://hub.docker.com/r/ams7/lab1eval,2025-07-12,2025-07-12,2025-07-12,6,0,
ams7,ipfs-arm64,https://hub.docker.com/r/ams7/ipfs-arm64,2025-07-16,2025-07-16,2025-11-10,11,0,Assignment 4: custom Docker image for running an IPFS node with exposed API and Gateway access.
ams7,ipfs-private,https://hub.docker.com/r/ams7/ipfs-private,2025-08-13,2025-08-13,2025-11-10,35,0,Built and tagged a private IPFS node
ams7,v1,https://hub.docker.com/r/ams7/v1,2025-08-21,2025-08-21,2025-11-10,6,0,MidTerm - part 1
ams7,v1.2,https://hub.docker.com/r/ams7/v1.2,2025-08-21,2025-08-21,2025-11-10,9,0,Midterm part - 2
ams7,ipfs-nginx-cys-endsem-22016,https://hub.docker.com/r/ams7/ipfs-nginx-cys-endsem-22016,2025-10-31,2025-10-31,2025-11-10,15,0,"End Semester - private IPFS and NGINX to automate, publish, and serve JSON files."
vyshalichitla,clouddemo,https://hub.docker.com/r/vyshalichitla/clouddemo,2025-07-07,2025-07-07,2025-07-07,0,0,Cloud demo image repository
vyshalichitla,demoimage,https://hub.docker.com/r/vyshalichitla/demoimage,2025-07-07,2025-07-07,2025-07-07,11,0,
vyshalichitla,lab1-image,https://hub.docker.com/r/vyshalichitla/lab1-image,2025-07-07,2025-07-07,2025-07-07,8,0,
vyshalichitla,db-connector-image,https://hub.docker.com/r/vyshalichitla/db-connector-image,2025-07-07,2025-07-07,2025-07-07,14,0,
vyshalichitla,web-scraper,https://hub.docker.com/r/vyshalichitla/web-scraper,2025-07-09,2025-07-09,2025-07-09,12,0,
vyshalichitla,lab1eval,https://hub.docker.com/r/vyshalichitla/lab1eval,2025-07-12,2025-07-12,2025-07-12,9,0,
vyshalichitla,ipfs-private,https://hub.docker.com/r/vyshalichitla/ipfs-private,2025-08-13,2025-08-13,2025-08-13,15,0,
vyshalichitla,flaskappv1,https://hub.docker.com/r/vyshalichitla/flaskappv1,2025-08-21,2025-08-21,2025-08-21,15,0,
vyshalichitla,flaskappv2,https://hub.docker.com/r/vyshalichitla/flaskappv2,2025-08-21,2025-08-21,2025-08-21,14,0,
vyshalichitla,myapp,https://hub.docker.com/r/vyshalichitla/myapp,2025-11-10,2025-11-10,2025-11-10,14,0,
charank1904,db-connector,https://hub.docker.com/r/charank1904/db-connector,2025-07-06,2025-07-06,2025-11-11,22,0,"Assignment 1 : Database connection app using Python to link, query, manage records"
charank1904,assignment-1,https://hub.docker.com/r/charank1904/assignment-1,2025-07-08,2025-07-08,2025-11-11,14,0,Flask app connection with PostgreSQL for secure DB access
charank1904,web-scraper-v1,https://hub.docker.com/r/charank1904/web-scraper-v1,2025-07-09,2025-07-09,2025-11-11,10,0,"Python web scraper using BeautifulSoup to extract, parse and store data"
charank1904,ipfs-docker-node,https://hub.docker.com/r/charank1904/ipfs-docker-node,2025-07-16,2025-07-16,2025-11-11,27,0,"IPFS node container for file upload, IPNS publish, pin and share"
charank1904,private-ipfs,https://hub.docker.com/r/charank1904/private-ipfs,2025-08-13,2025-08-13,2025-11-11,10,0,"Practice - Private IPFS to upload files, IPNS publish, pin and share"
charank1904,web-scraper,https://hub.docker.com/r/charank1904/web-scraper,2025-08-20,2025-08-20,2025-11-11,19,0,Practice - Python web scraper using BeautifulSoup
charank1904,midterm-flask-ipfs,https://hub.docker.com/r/charank1904/midterm-flask-ipfs,2025-08-21,2025-08-21,2025-11-11,17,0,Lightweight Flask app that shows student ID and name via ENV variables
hansicachinni,myapp,https://hub.docker.com/r/hansicachinni/myapp,2025-08-13,2025-08-13,2025-11-11,10,0,Docker first practice exercise
hansicachinni,ipfs-private-network,https://hub.docker.com/r/hansicachinni/ipfs-private-network,2025-08-13,2025-08-13,2025-11-11,47,0,"IPFS private network practice - Shared swarm.key, custom bootstrap peers, no public discovery."
hansicachinni,demo-flask,https://hub.docker.com/r/hansicachinni/demo-flask,2025-09-28,2025-09-28,2025-11-11,24,0,Dockerized Flask web app that returns “Hello from Dockerized Flask on Windows!” when accessed.
hansicachinni,practice-alpine,https://hub.docker.com/r/hansicachinni/practice-alpine,2025-09-28,2025-09-28,2025-11-10,18,0,Alpine practice exercise
hansicachinni,db-connector,https://hub.docker.com/r/hansicachinni/db-connector,2025-09-28,2025-09-28,2025-11-11,27,0,Assignment-1: Dockerized app that reads DB env vars and connects to the database on port 8080.
hansicachinni,scrapper,https://hub.docker.com/r/hansicachinni/scrapper,2025-09-28,2025-09-28,2025-11-11,24,0,Assignment-2: Dockerized Python scrapper that fetches a webpage and prints its <h1> and <h2> titles.
hansicachinni,mt,https://hub.docker.com/r/hansicachinni/mt,2025-09-28,2025-09-29,2025-11-11,48,0,"Midterm lab question practice: Dockerized Flask app, uploads versions to IPFS, and hosts via IPNS."
hansicachinni,flaskmidterm,https://hub.docker.com/r/hansicachinni/flaskmidterm,2025-09-29,2025-09-29,2025-11-11,25,0,"Missed midterm evaluation - flask app dockerized, versioned, and shared via IPFS/IPNS"
hansicachinni,ipfs-nginx-cys-endsem-22019,https://hub.docker.com/r/hansicachinni/ipfs-nginx-cys-endsem-22019,2025-10-31,2025-10-31,2025-11-10,24,0,End semester lab evaluation: Ubuntu container setting up a private IPFS node with Nginx web server.
hansicachinni,bookmarklet,https://hub.docker.com/r/hansicachinni/bookmarklet,2025-11-12,2025-11-12,2025-11-12,24,0,
hansicachinni,hidden,https://hub.docker.com/r/hansicachinni/hidden,2025-11-13,2025-11-13,2025-11-13,13,0,
firestrom,db-connector-app,https://hub.docker.com/r/firestrom/db-connector-app,2025-07-07,2025-07-08,2025-11-10,20,0,This image is for Databse Connector App (Assignment)
firestrom,dscc-practice,https://hub.docker.com/r/firestrom/dscc-practice,2025-07-07,2025-07-07,2025-11-10,14,0,This is a practice image.
firestrom,web-scrapper,https://hub.docker.com/r/firestrom/web-scrapper,2025-07-09,2025-07-10,2025-11-10,13,0,This image is for Lab-1 Assignment (Additional)
firestrom,labeval,https://hub.docker.com/r/firestrom/labeval,2025-07-12,2025-07-12,2025-11-10,14,0,This image is for Lab Evaluation -1 Docker Creation and Pushing to DockerHub
firestrom,ipfs-daemon,https://hub.docker.com/r/firestrom/ipfs-daemon,2025-07-30,2025-07-30,2025-11-10,33,0,This image is an Extension of Lab - 2 Interplanetary File System (IPFS)
firestrom,private-ipfs-dnslink,https://hub.docker.com/r/firestrom/private-ipfs-dnslink,2025-08-13,2025-08-13,2025-11-10,51,0,This image is an extension of Lab-2 Interplanetary File System (IPFS)
firestrom,flask-app,https://hub.docker.com/r/firestrom/flask-app,2025-08-21,2025-08-21,2025-11-10,18,0,This image is for Mid-Semester Lab Evaluation
firestrom,ipfs-nginx-cys-endsem-22020,https://hub.docker.com/r/firestrom/ipfs-nginx-cys-endsem-22020,2025-10-31,2025-10-31,2025-11-10,32,0,This image is part of the End-Semester Lab Evaluation
dharshisakthi,dscc-practice,https://hub.docker.com/r/dharshisakthi/dscc-practice,2025-07-07,2025-07-07,2025-11-10,8,0,Lab Exercise
dharshisakthi,db-connector,https://hub.docker.com/r/dharshisakthi/db-connector,2025-07-07,2025-07-07,2025-11-10,16,0,"Python 3.11 microservice for PostgreSQL DB connection on port 8080.
Lab Exercise"
dharshisakthi,web-scraper,https://hub.docker.com/r/dharshisakthi/web-scraper,2025-07-09,2025-07-09,2025-11-10,7,0,Python 3.10 web scraper image that installs dependencies and scrapes TARGET_URL on port 8080
dharshisakthi,db-wrapper,https://hub.docker.com/r/dharshisakthi/db-wrapper,2025-07-09,2025-07-10,2025-11-10,13,0,"Lightweight Python 3.10 web scraper for fetching data from TARGET_URL on port 8080.
lab exercise"
dharshisakthi,evaluation_lab,https://hub.docker.com/r/dharshisakthi/evaluation_lab,2025-07-12,2025-07-12,2025-07-12,0,0,
dharshisakthi,my-ipfs,https://hub.docker.com/r/dharshisakthi/my-ipfs,2025-07-16,2025-07-16,2025-11-10,28,0,"Ubuntu 22.04 image with IPFS v0.18.1 running on ports 4001,5001,8080.
lab exercise"
dharshisakthi,ipfs-private,https://hub.docker.com/r/dharshisakthi/ipfs-private,2025-08-13,2025-08-13,2025-11-10,69,0,"BusyBox-based IPFS node image with gosu, tini, and swarm key, exposing 4001, 5001, 8080."
dharshisakthi,private-ipfs,https://hub.docker.com/r/dharshisakthi/private-ipfs,2025-08-13,2025-08-13,2025-11-10,46,0,"BusyBox-based IPFS private node image with swarm key, gosu, tini, and ports 4001–8081."
dharshisakthi,flaskapp,https://hub.docker.com/r/dharshisakthi/flaskapp,2025-09-29,2025-09-29,2025-11-10,21,0,"Python 3.9 app image for student , exposing port 5080."
dharshisakthi,flaskmidterm,https://hub.docker.com/r/dharshisakthi/flaskmidterm,2025-09-29,2025-09-29,2025-11-10,62,0,"Python 3.9 app image for student, exposing port 5080.
[ mid term ]"
dharshisakthi,ipfs-docker,https://hub.docker.com/r/dharshisakthi/ipfs-docker,2025-10-31,2025-10-31,2025-11-10,21,0,Ubuntu 22.04 image with IPFS v0.27.0 installed and initialized.  END SEMESTER
ghamsini,midterm_flask,https://hub.docker.com/r/ghamsini/midterm_flask,2025-08-21,2025-08-21,2025-11-10,14,0,A Dockerized web app that allows users to download Docker images from IPFS.
ghamsini,flask-app,https://hub.docker.com/r/ghamsini/flask-app,2025-10-30,2025-11-10,2025-11-10,37,0,Flask app showing student ID and name via env variables.
ghamsini,ipfs-nginx-endsem-22023,https://hub.docker.com/r/ghamsini/ipfs-nginx-endsem-22023,2025-10-31,2025-10-31,2025-11-10,21,0,This Docker image is built on Ubuntu with NGINX and IPFS integration.
ghamsini,nginx-custom,https://hub.docker.com/r/ghamsini/nginx-custom,2025-11-10,2025-11-10,2025-11-10,7,0,Hosts a website using NGINX afte customisation
ghamsini,practice,https://hub.docker.com/r/ghamsini/practice,2025-11-10,2025-11-10,2025-11-10,13,0,lab exercise for creating a folder and echoing
ghamsini,lab1-app,https://hub.docker.com/r/ghamsini/lab1-app,2025-11-10,2025-11-10,2025-11-10,18,0,A simple Flask web app .Exposes two routes returns “Lab1 App OK” and /health
ghamsini,scraper,https://hub.docker.com/r/ghamsini/scraper,2025-11-10,2025-11-10,2025-11-10,23,0,"A Python-based web scraper containerized with Docker.
Reads the TARGET_URL environment variable"
ghamsini,helloworld,https://hub.docker.com/r/ghamsini/helloworld,2025-11-10,2025-11-10,2025-11-10,8,0,"prints ""Hello World"""
ghamsini,helloworld-app,https://hub.docker.com/r/ghamsini/helloworld-app,2025-11-10,2025-11-10,2025-11-10,12,0,
ghamsini,lab1_app,https://hub.docker.com/r/ghamsini/lab1_app,2025-11-10,2025-11-10,2025-11-10,0,0,
vettrivelganappathi,dscc-lab1,https://hub.docker.com/r/vettrivelganappathi/dscc-lab1,2025-07-07,2025-07-07,2025-11-11,17,0,Lab Exercise 1
vettrivelganappathi,db-connector,https://hub.docker.com/r/vettrivelganappathi/db-connector,2025-07-07,2025-07-07,2025-11-11,19,0,Lab Exercise 1: Docker Image for a Database Connector.
vettrivelganappathi,web-scraper,https://hub.docker.com/r/vettrivelganappathi/web-scraper,2025-07-09,2025-07-10,2025-11-11,20,0,Lab Exercise 1: Docker image for a Web Scrapper.
vettrivelganappathi,lab1eval,https://hub.docker.com/r/vettrivelganappathi/lab1eval,2025-07-12,2025-07-12,2025-11-11,8,0,Evaluation: Docker image for a static website deployment using NGINX.
vettrivelganappathi,lab_2,https://hub.docker.com/r/vettrivelganappathi/lab_2,2025-07-17,2025-07-17,2025-11-11,14,0,Lab Exercise 2: Interplanetary File System (IPFS)
vettrivelganappathi,ipfs-private,https://hub.docker.com/r/vettrivelganappathi/ipfs-private,2025-08-13,2025-08-13,2025-11-11,49,0,Assignment 1
vettrivelganappathi,my-ipfs-private,https://hub.docker.com/r/vettrivelganappathi/my-ipfs-private,2025-08-13,2025-08-13,2025-11-11,47,0,Assignment 1
vettrivelganappathi,midtermlab_v1,https://hub.docker.com/r/vettrivelganappathi/midtermlab_v1,2025-08-21,2025-08-21,2025-11-11,15,0,MidTerm
vettrivelganappathi,midtermlab_v1.2,https://hub.docker.com/r/vettrivelganappathi/midtermlab_v1.2,2025-08-21,2025-08-21,2025-11-11,12,0,MidTerm
gunateet,db-connector,https://hub.docker.com/r/gunateet/db-connector,2025-07-07,2025-08-20,2025-11-11,26,0,Assignment 1: Database connection app using python
gunateet,web-scraper,https://hub.docker.com/r/gunateet/web-scraper,2025-07-09,2025-08-20,2025-11-11,19,0,Class activity of web scrapper
gunateet,dscc-lab1,https://hub.docker.com/r/gunateet/dscc-lab1,2025-07-10,2025-07-10,2025-11-11,14,0,Assignment:Initial task given in github
gunateet,lab1eval,https://hub.docker.com/r/gunateet/lab1eval,2025-07-12,2025-07-12,2025-11-11,10,0,sample practice eval
gunateet,practice,https://hub.docker.com/r/gunateet/practice,2025-08-20,2025-08-20,2025-11-11,10,0,Assignment: Practicing with the task
gunateet,flaskapp,https://hub.docker.com/r/gunateet/flaskapp,2025-08-21,2025-08-21,2025-11-11,16,0,midterm lab evaluation image
gunateet,my-python-app,https://hub.docker.com/r/gunateet/my-python-app,2025-10-30,2025-10-30,2025-11-11,38,0,Practice docker before endsem
gunateet,ipfs-nginx-cys-endsem-22025,https://hub.docker.com/r/gunateet/ipfs-nginx-cys-endsem-22025,2025-10-31,2025-10-31,2025-11-11,30,0,End sem lab evaluation final image
hemupc,assignment-1,https://hub.docker.com/r/hemupc/assignment-1,2025-07-06,2025-07-06,2025-11-11,15,0,Alpine - image that sets ROLLNO environment variable and creates .txt file containing the username
hemupc,db-connector,https://hub.docker.com/r/hemupc/db-connector,2025-07-06,2025-07-06,2025-11-11,30,0,Assignment 2 - Docker image for a database connector application with exposed port
hemupc,web-scraper-v1,https://hub.docker.com/r/hemupc/web-scraper-v1,2025-07-09,2025-07-09,2025-11-11,11,0,"Assignment 3 - Python web scraper to extract, parse, and store data"
hemupc,web-scraper,https://hub.docker.com/r/hemupc/web-scraper,2025-07-09,2025-07-09,2025-11-11,5,0,"Assignment 3 - Python web scraper to extract, parse, and store data."
hemupc,lab1eval,https://hub.docker.com/r/hemupc/lab1eval,2025-07-12,2025-07-12,2025-11-10,14,0,Lab evaluation 1 - Static website deployment using NGINX
hemupc,custom-ipfs-node,https://hub.docker.com/r/hemupc/custom-ipfs-node,2025-07-16,2025-07-16,2025-11-10,11,0,Lab - Creating Custom IPFS node
hemupc,ipfs-private,https://hub.docker.com/r/hemupc/ipfs-private,2025-08-13,2025-08-20,2025-11-10,53,0,"Practice - IPFS private , creating Swarm key"
hemupc,myexam,https://hub.docker.com/r/hemupc/myexam,2025-08-21,2025-08-21,2025-11-10,14,0,Practice
hemupc,flaskmidterm,https://hub.docker.com/r/hemupc/flaskmidterm,2025-10-31,2025-10-31,2025-11-11,21,0,Midterm examination - Flask app showing student ID and name through env variables.
hemupc,ipfs-nginx-cys-endsem-220xx,https://hub.docker.com/r/hemupc/ipfs-nginx-cys-endsem-220xx,2025-10-31,2025-10-31,2025-11-11,38,0,"End Sem Exam - NGINX + IPFS image, JSON upload, IPNS publish and pinning."
harshith1201,myapp-trail,https://hub.docker.com/r/harshith1201/myapp-trail,2025-07-09,2025-07-09,2025-11-10,1,0,Lab Assignment 1 : Creation of a Docker image and pushing to Docker hub + connection to database
harshith1201,news-scraper-db-img,https://hub.docker.com/r/harshith1201/news-scraper-db-img,2025-07-09,2025-07-09,2025-07-09,4,0,
harshith1201,myscrap,https://hub.docker.com/r/harshith1201/myscrap,2025-07-09,2025-07-09,2025-07-09,4,0,
harshith1201,news-scrapper-img,https://hub.docker.com/r/harshith1201/news-scrapper-img,2025-07-09,2025-07-09,2025-11-10,1,0,Lab 1 Additional Assignment : Creating a News scrapper using beautiful soup and displaying it
harshith1201,dscc-lab1,https://hub.docker.com/r/harshith1201/dscc-lab1,2025-07-10,2025-07-10,2025-11-10,10,0,Lab Assignment 1 : Creation of a Docker image and pushing to Docker hub
harshith1201,lab-1,https://hub.docker.com/r/harshith1201/lab-1,2025-07-10,2025-07-10,2025-07-10,8,0,
harshith1201,db-connect,https://hub.docker.com/r/harshith1201/db-connect,2025-07-10,2025-07-10,2025-11-10,13,0,"Lab Assignment 1 - Database connection using Python to link , query , and manage records"
harshith1201,lab_eval_1,https://hub.docker.com/r/harshith1201/lab_eval_1,2025-07-12,2025-07-12,2025-11-10,10,0,Lab Evaluation 1 - Static website Deployment using NGINX
harshith1201,assignment3,https://hub.docker.com/r/harshith1201/assignment3,2025-07-16,2025-07-16,2025-11-10,11,0,Lab Assignment 2 :Creation of Custom IPFS Node
harshith1201,flaskapp,https://hub.docker.com/r/harshith1201/flaskapp,2025-08-21,2025-08-21,2025-08-21,14,0,
harshith1201,ipfs-nginx-cys-endsem-22027,https://hub.docker.com/r/harshith1201/ipfs-nginx-cys-endsem-22027,2025-10-31,2025-10-31,2025-11-10,15,0,CYS22027 : End Semester Submission
jphemanthkumaar,dscc-lab1,https://hub.docker.com/r/jphemanthkumaar/dscc-lab1,2025-07-08,2025-07-08,2025-07-08,7,0,
jphemanthkumaar,db-connector,https://hub.docker.com/r/jphemanthkumaar/db-connector,2025-07-08,2025-07-08,2025-07-08,15,0,
jphemanthkumaar,web-scraper,https://hub.docker.com/r/jphemanthkumaar/web-scraper,2025-07-10,2025-07-10,2025-07-10,14,0,
jphemanthkumaar,lab1eval,https://hub.docker.com/r/jphemanthkumaar/lab1eval,2025-07-12,2025-07-12,2025-11-10,11,0,Hosts a website using NGINX. Done for lab evaluation.
jphemanthkumaar,my-ipfs-private,https://hub.docker.com/r/jphemanthkumaar/my-ipfs-private,2025-08-13,2025-08-13,2025-11-10,37,0,Downloads and sets up ipfs network. Done for Lab exercise.
jphemanthkumaar,flaskapp,https://hub.docker.com/r/jphemanthkumaar/flaskapp,2025-08-21,2025-08-21,2025-11-10,19,0,Midterm examination image for the python flask web app.
jphemanthkumaar,ipfs-nginx-cys-endsem-22028,https://hub.docker.com/r/jphemanthkumaar/ipfs-nginx-cys-endsem-22028,2025-10-31,2025-10-31,2025-11-10,40,0,Private IPFS Node + NGINX setup End Semester Lab.
joserohit264,db-connector-app,https://hub.docker.com/r/joserohit264/db-connector-app,2025-07-07,2025-07-07,2025-07-07,13,0,
joserohit264,alpine-dscc,https://hub.docker.com/r/joserohit264/alpine-dscc,2025-07-07,2025-07-07,2025-07-07,11,0,
joserohit264,db-connector,https://hub.docker.com/r/joserohit264/db-connector,2025-07-07,2025-07-07,2025-07-07,14,0,
joserohit264,web-scraper,https://hub.docker.com/r/joserohit264/web-scraper,2025-07-09,2025-07-09,2025-07-09,7,0,
joserohit264,lab1eval,https://hub.docker.com/r/joserohit264/lab1eval,2025-07-12,2025-07-12,2025-07-12,12,0,
joserohit264,custom-ipfs-node,https://hub.docker.com/r/joserohit264/custom-ipfs-node,2025-07-16,2025-07-16,2025-07-16,30,0,
joserohit264,ipfs-private,https://hub.docker.com/r/joserohit264/ipfs-private,2025-08-13,2025-08-13,2025-08-13,21,0,
joserohit264,prime-checker,https://hub.docker.com/r/joserohit264/prime-checker,2025-09-26,2025-09-26,2025-09-26,23,0,
joserohit264,midterm-app,https://hub.docker.com/r/joserohit264/midterm-app,2025-09-29,2025-09-29,2025-09-29,32,0,
joserohit264,midterm-exam,https://hub.docker.com/r/joserohit264/midterm-exam,2025-09-29,2025-09-29,2025-11-10,26,0,Missed mid term evaluation
joserohit264,flaskmidterm,https://hub.docker.com/r/joserohit264/flaskmidterm,2025-09-29,2025-10-30,2025-11-10,124,0,Practiced missed mid term evaluation
joserohit264,fiveoct,https://hub.docker.com/r/joserohit264/fiveoct,2025-10-05,2025-10-05,2025-10-05,8,0,
joserohit264,docker_with_kubernetes_sample,https://hub.docker.com/r/joserohit264/docker_with_kubernetes_sample,2025-10-05,2025-10-05,2025-11-10,28,0,Practice for Secure Software Engineering
joserohit264,ipfs-nginx-cys-endsem-22030,https://hub.docker.com/r/joserohit264/ipfs-nginx-cys-endsem-22030,2025-10-31,2025-10-31,2025-11-10,39,0,End semester Evaluation
joserohit264,secure-password-manager,https://hub.docker.com/r/joserohit264/secure-password-manager,2025-11-23,2025-11-26,2025-11-23,83,0,
joshua2004,dscc-practice,https://hub.docker.com/r/joshua2004/dscc-practice,2025-07-10,2025-07-10,2025-11-11,5,0,Practice  - Flask App connecting to postgreSQL
joshua2004,dscc-asgn-1,https://hub.docker.com/r/joshua2004/dscc-asgn-1,2025-07-10,2025-07-10,2025-11-11,25,0,Assignment 1 - Database Connection app using python
joshua2004,add-asgn-1,https://hub.docker.com/r/joshua2004/add-asgn-1,2025-07-10,2025-07-10,2025-11-11,19,0,Additional Assignment - Web Scraper using Python
joshua2004,labeval1,https://hub.docker.com/r/joshua2004/labeval1,2025-07-12,2025-07-12,2025-07-12,16,0,
joshua2004,ipfs-node,https://hub.docker.com/r/joshua2004/ipfs-node,2025-07-16,2025-07-16,2025-11-11,10,0,"Class assignment - IPFS node container on ubuntu for file upload, IPNS"
joshua2004,flaskmidterm,https://hub.docker.com/r/joshua2004/flaskmidterm,2025-09-29,2025-09-29,2025-11-11,16,0,MidTerm - Flask app which shows student ID and name using Env variable
joshua2004,ipfs-nginx-cys-endsem-22031,https://hub.docker.com/r/joshua2004/ipfs-nginx-cys-endsem-22031,2025-10-31,2025-10-31,2025-11-11,34,0,EndSem -  Serve IPFS content over NGINX
jeeshitha,clouddemo,https://hub.docker.com/r/jeeshitha/clouddemo,2025-07-07,2025-07-08,2025-11-10,18,0,Assignment- Simple Docker image demonstrating basic cloud deployment and containerization concepts.
jeeshitha,db-connector,https://hub.docker.com/r/jeeshitha/db-connector,2025-07-08,2025-07-08,2025-11-10,16,0,Lab exercise - Lightweight Python connector for seamless interaction with SQL and NoSQL databases.
jeeshitha,web-scraper,https://hub.docker.com/r/jeeshitha/web-scraper,2025-07-09,2025-07-09,2025-11-10,13,0,Lab exercise - Python-based web scraper for extracting and analyzing website data efficiently.
jeeshitha,lab1eval,https://hub.docker.com/r/jeeshitha/lab1eval,2025-07-12,2025-07-12,2025-11-10,12,0,Dockerized Flask app for lab evaluation with custom environment setup and automation.
jeeshitha,my-ipfs-node,https://hub.docker.com/r/jeeshitha/my-ipfs-node,2025-07-16,2025-07-16,2025-11-10,26,0,Assignment-Custom Docker image for IPFS node with persistent data and network configuration.
krishna12345678,dockerimage,https://hub.docker.com/r/krishna12345678/dockerimage,2025-07-08,2025-07-08,2025-11-10,12,0,Assignment 0 Flask App connecting to PostgreSQL
krishna12345678,mysql-node-app,https://hub.docker.com/r/krishna12345678/mysql-node-app,2025-07-08,2025-07-08,2025-11-10,13,0,Assignment 1 Data connection app using python to query and manage records
krishna12345678,scraper,https://hub.docker.com/r/krishna12345678/scraper,2025-07-09,2025-07-09,2025-11-10,6,0,Assignment 3 Python Web Scraper
krishna12345678,lab1eval,https://hub.docker.com/r/krishna12345678/lab1eval,2025-07-12,2025-07-12,2025-11-10,15,0,Lab Evaluation
krishna12345678,flaskappv1,https://hub.docker.com/r/krishna12345678/flaskappv1,2025-08-21,2025-08-21,2025-11-10,15,0,Mid Term version1 Containing First Part of  Exam
krishna12345678,flaskappv1.2,https://hub.docker.com/r/krishna12345678/flaskappv1.2,2025-08-21,2025-08-21,2025-11-10,11,0,Mid Term version 1.2  with additional functions
krishna12345678,v1-cis-audit,https://hub.docker.com/r/krishna12345678/v1-cis-audit,2025-11-11,2025-11-11,2025-11-11,28,0,
22034,lab1_assignment_1,https://hub.docker.com/r/22034/lab1_assignment_1,2025-07-09,2025-07-09,2025-11-11,11,0,Created for lab 1
22034,web-scraper,https://hub.docker.com/r/22034/web-scraper,2025-07-09,2025-07-09,2025-11-11,9,0,Created for lab 2 for web scraper
22034,db-connector,https://hub.docker.com/r/22034/db-connector,2025-07-10,2025-07-10,2025-11-11,19,0,Created for db connector lab2 assignment
22034,lab1eval,https://hub.docker.com/r/22034/lab1eval,2025-07-12,2025-07-12,2025-11-11,10,0,Created for lab evaluation 1
22034,my-ipfs-private,https://hub.docker.com/r/22034/my-ipfs-private,2025-08-13,2025-08-13,2025-11-11,37,0,IPFS private created for midterm evaluation
22034,flaskapp,https://hub.docker.com/r/22034/flaskapp,2025-08-21,2025-08-21,2025-11-11,19,0,Flask app created for mid term
22034,ipfs-nginx-cys-endsem-22034,https://hub.docker.com/r/22034/ipfs-nginx-cys-endsem-22034,2025-10-31,2025-10-31,2025-11-11,26,0,End Semester Lab evaluation
kaushik7251,dscc_lab1,https://hub.docker.com/r/kaushik7251/dscc_lab1,2025-07-30,2025-07-30,2025-11-10,12,0,Assignment 0: Flask app connecting to PostgreSQL for secure database access via environment vars
kaushik7251,webscraper,https://hub.docker.com/r/kaushik7251/webscraper,2025-07-30,2025-07-30,2025-11-10,24,0,"Assignment - 2: Python web scraper using BeautifulSoup to extract, parse, and store data"
kaushik7251,my-ipfs-private,https://hub.docker.com/r/kaushik7251/my-ipfs-private,2025-08-13,2025-08-13,2025-11-10,34,0,"Class Assignment: IPFS node container on Ubuntu for file upload, IPNS publish, pinning, and share."
kaushik7251,flaskapp,https://hub.docker.com/r/kaushik7251/flaskapp,2025-08-21,2025-08-21,2025-11-10,15,0,MIDTERM - Lightweight Flask app showing student ID and name via env variables.
kaushik7251,flask-app,https://hub.docker.com/r/kaushik7251/flask-app,2025-08-26,2025-08-26,2025-11-10,16,0,MIDTERM - Lightweight Flask app showing student ID and name via env variables.
kaushik7251,ipfs-nginx-cys-endsem-22035,https://hub.docker.com/r/kaushik7251/ipfs-nginx-cys-endsem-22035,2025-10-31,2025-10-31,2025-11-10,27,0,"EndSem: Ubuntu NGINX + IPFS image automating JSON upload, IPNS publish, pinning, and serve."
logesh0107,22036-lab1,https://hub.docker.com/r/logesh0107/22036-lab1,2025-07-09,2025-07-09,2025-11-11,3,0,done as lab exercise 1 for practice
logesh0107,db-connector,https://hub.docker.com/r/logesh0107/db-connector,2025-07-09,2025-07-09,2025-11-11,15,0,done as lab exercise 2
logesh0107,lab1-image,https://hub.docker.com/r/logesh0107/lab1-image,2025-07-09,2025-07-09,2025-11-11,11,0,done as lab exercise 1
logesh0107,web-scraper,https://hub.docker.com/r/logesh0107/web-scraper,2025-07-09,2025-07-09,2025-11-11,10,0,done as lab exercise 2
logesh0107,lab11-image,https://hub.docker.com/r/logesh0107/lab11-image,2025-07-12,2025-07-12,2025-11-11,14,0,done as lab exercise 1 for practice
logesh0107,dbc,https://hub.docker.com/r/logesh0107/dbc,2025-07-12,2025-07-12,2025-11-11,11,0,done as lab exercise 2 for practice
logesh0107,ws,https://hub.docker.com/r/logesh0107/ws,2025-07-12,2025-07-12,2025-11-11,10,0,done as lab exercise 2 for practice
logesh0107,lab1eval,https://hub.docker.com/r/logesh0107/lab1eval,2025-07-12,2025-07-12,2025-11-11,8,0,done as lab exercise for lab evaluation 1
logesh0107,custom-ipfs-node,https://hub.docker.com/r/logesh0107/custom-ipfs-node,2025-07-16,2025-07-16,2025-11-11,19,0,Part of IPFS done at class
logesh0107,my-ipfs-private,https://hub.docker.com/r/logesh0107/my-ipfs-private,2025-08-13,2025-08-13,2025-11-11,46,0,Mid term Lab evaluation
logesh0107,ipfs-nginx-cys-endsem-22036,https://hub.docker.com/r/logesh0107/ipfs-nginx-cys-endsem-22036,2025-11-11,2025-11-11,2025-11-11,14,0,End semester lab evaluation
lalitha14,clouddemo,https://hub.docker.com/r/lalitha14/clouddemo,2025-07-07,2025-07-08,2025-11-10,19,0,Assignment 0: Docker image using Alpine that stores roll number and DockerHub username in a file.
lalitha14,db-connector-app,https://hub.docker.com/r/lalitha14/db-connector-app,2025-07-08,2025-07-08,2025-11-10,18,0,Assignment 1: Demonstrates connecting an app to a database using configurable environment variables.
lalitha14,web-scrapper,https://hub.docker.com/r/lalitha14/web-scrapper,2025-07-10,2025-07-10,2025-11-10,16,0,Assignment 2: Dockerized app that fetches webpage titles from a URL set via environment variable.
lalitha14,docker,https://hub.docker.com/r/lalitha14/docker,2025-07-12,2025-07-12,2025-11-10,14,0,NGINX-based image that hosts a website on port 8080 in production mode.
lalitha14,my-ipfs-node,https://hub.docker.com/r/lalitha14/my-ipfs-node,2025-07-16,2025-07-16,2025-11-10,32,0,"Lab : Explore IPFS tools, commands, CID, and set up a private IPFS network with custom peers"
lalitha14,flaskmidterm,https://hub.docker.com/r/lalitha14/flaskmidterm,2025-09-29,2025-09-29,2025-11-10,26,0,Mid Term - Flask App displaying student ID and name
lalitha14,ipfs-nginx-cys-endsem-22037,https://hub.docker.com/r/lalitha14/ipfs-nginx-cys-endsem-22037,2025-10-31,2025-10-31,2025-11-10,28,0,End Sem : Private IPFS and NGINX web server along with IPNS publishing
tejas610,lab1-dscc,https://hub.docker.com/r/tejas610/lab1-dscc,2025-07-08,2025-07-08,2025-11-11,11,0,pushing first docker image
tejas610,lab1-scraper,https://hub.docker.com/r/tejas610/lab1-scraper,2025-07-10,2025-07-10,2025-11-11,22,0,"Assignment - 2 : Python web scraper using BeautifulSoup to extract, parse, and store data."
tejas610,lab1eval,https://hub.docker.com/r/tejas610/lab1eval,2025-07-12,2025-07-12,2025-11-11,8,0,Lab evaluation 1 task
tejas610,ipfs-private-38,https://hub.docker.com/r/tejas610/ipfs-private-38,2025-08-13,2025-08-13,2025-11-11,50,0,"Class Assignment: IPFS node container on Ubuntu for file upload, IPNS publish, pinning, and share."
tejas610,practice-exercise,https://hub.docker.com/r/tejas610/practice-exercise,2025-08-21,2025-08-21,2025-08-21,10,0,
tejas610,midtermexam,https://hub.docker.com/r/tejas610/midtermexam,2025-08-21,2025-08-21,2025-11-11,18,0,MIDTERM - Lightweight Flask app showing student ID and name via env variables.
tejas610,ipfs-nginx-cys-endsem-22038,https://hub.docker.com/r/tejas610/ipfs-nginx-cys-endsem-22038,2025-10-31,2025-10-31,2025-11-10,25,0,"Nginx reverse proxy configured for an IPFS-backed app, packaged for simple deployment."
sanjumarri7,lab1-image,https://hub.docker.com/r/sanjumarri7/lab1-image,2025-07-04,2025-07-04,2025-11-10,8,0,lab1
sanjumarri7,db-connector,https://hub.docker.com/r/sanjumarri7/db-connector,2025-07-09,2025-07-09,2025-07-09,8,0,
sanjumarri7,dbconnector,https://hub.docker.com/r/sanjumarri7/dbconnector,2025-07-09,2025-07-09,2025-11-10,5,0,"Assignment 1: Python app connecting to a database for linking, querying, and managing data."
sanjumarri7,web-scraper,https://hub.docker.com/r/sanjumarri7/web-scraper,2025-07-09,2025-07-09,2025-11-10,8,0,Assignment 2: Python web scraper using BeautifulSoup to extract and store structured data.
sanjumarri7,web-scraper-news,https://hub.docker.com/r/sanjumarri7/web-scraper-news,2025-07-09,2025-07-09,2025-11-10,11,0,Assignment 2: Python web scraper using BeautifulSoup to extract and store structured data.
sanjumarri7,labeval,https://hub.docker.com/r/sanjumarri7/labeval,2025-07-12,2025-07-12,2025-11-10,15,0,Assignment 0: Flask app connecting to PostgreSQL using env vars for secure DB access.
sanjumarri7,custom-ipfs,https://hub.docker.com/r/sanjumarri7/custom-ipfs,2025-08-13,2025-08-13,2025-11-10,23,0,"Class Assignment: IPFS node container for file upload, IPNS publishing, and sharing"
sanjumarri7,flaskapp,https://hub.docker.com/r/sanjumarri7/flaskapp,2025-09-28,2025-09-28,2025-11-10,24,0,missed midterm practice
sanjumarri7,flask-counter,https://hub.docker.com/r/sanjumarri7/flask-counter,2025-09-29,2025-09-29,2025-11-10,20,0,missed midterm practice
sanjumarri7,flaskmidterm,https://hub.docker.com/r/sanjumarri7/flaskmidterm,2025-09-29,2025-09-29,2025-11-10,22,0,Flask web app (port 5080) with health and metrics endpoints for Missed MIdTerm
sanjumarri7,ipfs-nginx-cys-endsem-22039,https://hub.docker.com/r/sanjumarri7/ipfs-nginx-cys-endsem-22039,2025-10-31,2025-10-31,2025-11-10,26,0,"EndSem: Ubuntu NGINX + IPFS image automating JSON upload,  IPNS publish, pinning and serve."
midhru,assignment1,https://hub.docker.com/r/midhru/assignment1,2025-07-08,2025-07-08,2025-11-11,10,0,This is the assignment 0
midhru,db-connector,https://hub.docker.com/r/midhru/db-connector,2025-07-08,2025-07-08,2025-11-11,18,0,Create database and creating connection
midhru,web-scrapper,https://hub.docker.com/r/midhru/web-scrapper,2025-07-11,2025-07-11,2025-11-11,16,0,The texts are extracted from the web using docker image
midhru,image1,https://hub.docker.com/r/midhru/image1,2025-07-12,2025-07-12,2025-11-11,18,0,Introduction to docker
midhru,ipfs,https://hub.docker.com/r/midhru/ipfs,2025-07-16,2025-07-16,2025-11-11,14,0,Peer to peer network when the file is added the hash is provided
mukundkumarappan,dscc-lab1,https://hub.docker.com/r/mukundkumarappan/dscc-lab1,2025-07-08,2025-07-08,2025-11-10,9,0,Practice assignment 1: Creating a Docker image and pushing to Docker Hub
mukundkumarappan,db-connector-app,https://hub.docker.com/r/mukundkumarappan/db-connector-app,2025-07-08,2025-07-08,2025-11-10,13,0,Lab 1 assignment: Create a Docker Image for a Database Connector
mukundkumarappan,web-scraper,https://hub.docker.com/r/mukundkumarappan/web-scraper,2025-07-09,2025-07-09,2025-11-10,6,0,Additional Assignment: A Docker image for a Python-based web scraper is been created
mukundkumarappan,lab1eval,https://hub.docker.com/r/mukundkumarappan/lab1eval,2025-07-12,2025-07-12,2025-11-10,7,0,"Lab 1 Evaluation: Static NGINX website, port 8080, built on Alpine"
mukundkumarappan,ipfs-node,https://hub.docker.com/r/mukundkumarappan/ipfs-node,2025-07-16,2025-07-16,2025-11-10,24,0,Lab assignment : Building and Running an IPFS Node using Docker
mukundkumarappan,ipfs-private,https://hub.docker.com/r/mukundkumarappan/ipfs-private,2025-08-13,2025-08-13,2025-11-10,19,0,Lab assigment: A custom Docker image is built that runs IPFS with a preconfigured swarm key
mukundkumarappan,flaskapp,https://hub.docker.com/r/mukundkumarappan/flaskapp,2025-08-21,2025-10-31,2025-11-10,57,0,Practice midterm : Dockerized Flask App with IPNS-Backed Docker Image Hosting
mukundkumarappan,flaskmidterm,https://hub.docker.com/r/mukundkumarappan/flaskmidterm,2025-10-31,2025-10-31,2025-11-10,29,0,Practice midterm: Dockerized Flask App with IPNS-Backed Docker Image Hosting
mukundkumarappan,ipfs-nginx-cys-endsem-22041,https://hub.docker.com/r/mukundkumarappan/ipfs-nginx-cys-endsem-22041,2025-10-31,2025-10-31,2025-11-10,29,0,Endsem lab eval : Private IPFS node and NGINX web server environment along with IPNS publishing
meera042,a1,https://hub.docker.com/r/meera042/a1,2025-07-06,2025-07-06,2025-11-10,19,0,Assignment 1 : Connects database and runs python application
meera042,a0,https://hub.docker.com/r/meera042/a0,2025-07-07,2025-07-07,2025-11-10,12,0,Assignment 0 : Pushes username into textfile
meera042,a1.5,https://hub.docker.com/r/meera042/a1.5,2025-07-09,2025-07-09,2025-11-10,2,0,Assignment 1.5 :  Sets environmental variables and runs python application
meera042,lab1eval,https://hub.docker.com/r/meera042/lab1eval,2025-07-12,2025-07-12,2025-11-10,8,0,Lab 1 Evaluation
meera042,a2,https://hub.docker.com/r/meera042/a2,2025-07-16,2025-07-16,2025-11-10,12,0,Assignment 2 : Integrates IPFS
meera042,v1.2,https://hub.docker.com/r/meera042/v1.2,2025-08-21,2025-08-21,2025-11-10,10,0,Midterm : Version 2
meera042,v1,https://hub.docker.com/r/meera042/v1,2025-08-21,2025-08-21,2025-11-10,10,0,Midterm : Version 1
meera042,ipfs-nginx-cys-endsem-22042,https://hub.docker.com/r/meera042/ipfs-nginx-cys-endsem-22042,2025-10-31,2025-10-31,2025-11-10,22,0,End Semester
namitha0710,mydockerlab,https://hub.docker.com/r/namitha0710/mydockerlab,2025-07-07,2025-07-07,2025-11-10,11,0,Practicing basic commands before starting lab 1
namitha0710,db-connector-image,https://hub.docker.com/r/namitha0710/db-connector-image,2025-07-07,2025-07-07,2025-11-10,18,0,Lab 1 assignment given in the github explaining the basics of docker
namitha0710,web-scraper-image,https://hub.docker.com/r/namitha0710/web-scraper-image,2025-07-09,2025-07-09,2025-11-10,9,0,Lab1 Additional assignment given github
namitha0710,web-app,https://hub.docker.com/r/namitha0710/web-app,2025-07-09,2025-07-10,2025-11-10,7,0,Lab evaluation 1
namitha0710,website,https://hub.docker.com/r/namitha0710/website,2025-07-12,2025-07-12,2025-11-10,9,0,Another attempt of creating the same lab eval 1
namitha0710,ipfs_docker,https://hub.docker.com/r/namitha0710/ipfs_docker,2025-07-16,2025-07-16,2025-11-10,29,0,"IPFS node container on Ubuntu for file upload, IPNS publish, pinning, and share."
namitha0710,ipfs-private,https://hub.docker.com/r/namitha0710/ipfs-private,2025-08-13,2025-08-13,2025-11-10,37,0,Practice for Private IPFS
namitha0710,flaskapp,https://hub.docker.com/r/namitha0710/flaskapp,2025-08-21,2025-08-21,2025-11-10,23,0,Lightweight Flask app showing student ID and name via env variables.
namitha0710,ipfs-nginx-cys-endsem-22043,https://hub.docker.com/r/namitha0710/ipfs-nginx-cys-endsem-22043,2025-10-31,2025-10-31,2025-11-10,32,0,"Ubuntu NGINX + IPFS image automating JSON upload, IPNS publish, pinning, and serve."
navarang,lab1-dscc,https://hub.docker.com/r/navarang/lab1-dscc,2025-07-08,2025-07-08,2025-07-08,11,0,
navarang,db-connector,https://hub.docker.com/r/navarang/db-connector,2025-07-08,2025-07-08,2025-07-08,15,0,
navarang,web-scraper,https://hub.docker.com/r/navarang/web-scraper,2025-07-09,2025-07-09,2025-07-09,7,0,
navarang,flask-student-app,https://hub.docker.com/r/navarang/flask-student-app,2025-08-21,2025-08-21,2025-08-21,15,0,
navarang,ipfs-nginx-cys-endsem-22044,https://hub.docker.com/r/navarang/ipfs-nginx-cys-endsem-22044,2025-10-31,2025-10-31,2025-10-31,22,0,
varshith78,lab_1_image,https://hub.docker.com/r/varshith78/lab_1_image,2025-07-10,2025-07-10,2025-11-10,14,0,Lab 1 – Alpine image demonstrating basic Dockerfile commands
varshith78,db-connector-image,https://hub.docker.com/r/varshith78/db-connector-image,2025-07-10,2025-07-10,2025-11-10,15,0,Assignment 1 – Flask app connecting to PostgreSQL using environment variables securely.
varshith78,webscraper,https://hub.docker.com/r/varshith78/webscraper,2025-07-10,2025-07-10,2025-11-10,15,0,Assignment 2 – Python web scraper using BeautifulSoup for parsing and data collection.
varshith78,website,https://hub.docker.com/r/varshith78/website,2025-07-12,2025-07-14,2025-11-10,13,0,Evaluation_1.0 – Alpine image demonstrating file creation and display using Docker commands.
varshith78,roomscape,https://hub.docker.com/r/varshith78/roomscape,2025-07-14,2025-07-14,2025-11-10,8,0,Evaluation_1.1 – Alpine image demonstrating file creation and display using Docker commands.
varshith78,ipfs_img,https://hub.docker.com/r/varshith78/ipfs_img,2025-07-16,2025-07-16,2025-11-10,20,0,"Assignment _1.0– Custom IPFS node container for file upload, IPNS publish, and pinning."
varshith78,ipfs_img1,https://hub.docker.com/r/varshith78/ipfs_img1,2025-07-16,2025-07-16,2025-11-10,26,0,"Assignment _1.1– Custom IPFS node container for file upload, IPNS publish, and pinning."
varshith78,ipfs-private,https://hub.docker.com/r/varshith78/ipfs-private,2025-08-13,2025-08-13,2025-11-10,41,0,Class Assignment – Private IPFS node setup for restricted file sharing and publishing.
varshith78,pass_crack,https://hub.docker.com/r/varshith78/pass_crack,2025-09-14,2025-09-15,2025-11-10,61,0,Project - Password cracking using John the Ripper [Trial]
varshith78,php_crack,https://hub.docker.com/r/varshith78/php_crack,2025-09-15,2025-09-15,2025-11-10,13,0,Project - Password cracking using John the Ripper and PHP [Trial]
varshith78,flaskmidterm,https://hub.docker.com/r/varshith78/flaskmidterm,2025-09-29,2025-09-29,2025-11-10,31,0,Midterm – Lightweight Flask app showing student details via environment variables.
varshith78,ipfs-nginx-cys-endsem-22045,https://hub.docker.com/r/varshith78/ipfs-nginx-cys-endsem-22045,2025-10-31,2025-10-31,2025-11-10,16,0,"EndSem – Ubuntu NGINX + IPFS image automating JSON upload, IPNS publish, and serve."
parthivkumarnikku,assignment1,https://hub.docker.com/r/parthivkumarnikku/assignment1,2025-07-07,2025-07-07,2025-11-10,16,0,1st lab assignment that creates a database and links it
parthivkumarnikku,v1.2,https://hub.docker.com/r/parthivkumarnikku/v1.2,2025-07-08,2025-07-08,2025-11-10,7,0,This is the 1st lab done to understand docker
parthivkumarnikku,testdocker,https://hub.docker.com/r/parthivkumarnikku/testdocker,2025-07-08,2025-07-08,2025-11-10,20,0,This is the slef repository that is created in order to play around docker
parthivkumarnikku,extendedassignment1,https://hub.docker.com/r/parthivkumarnikku/extendedassignment1,2025-07-09,2025-07-09,2025-11-10,6,0,This image is web scrapper done as part of extended asignment
parthivkumarnikku,lab1eval,https://hub.docker.com/r/parthivkumarnikku/lab1eval,2025-07-12,2025-07-12,2025-11-10,15,0,This image is the solution for 1st lab evaluation that is responsible for hosting a ngnix server
parthivkumarnikku,lab2_ipfs_node,https://hub.docker.com/r/parthivkumarnikku/lab2_ipfs_node,2025-07-16,2025-07-16,2025-11-10,16,0,This image creates a ipfs node
parthivkumarnikku,midtermexam,https://hub.docker.com/r/parthivkumarnikku/midtermexam,2025-08-21,2025-08-21,2025-11-10,17,0,This docker image is built as part of my midterm exam
parthivkumarnikku,ipfs-nginx-cys-endsem-22046,https://hub.docker.com/r/parthivkumarnikku/ipfs-nginx-cys-endsem-22046,2025-10-31,2025-10-31,2025-11-10,21,0,This image is created as part of my end semester for DSCC
pillimetlavamsi,lab1,https://hub.docker.com/r/pillimetlavamsi/lab1,2025-07-04,2025-07-04,2025-11-10,15,0,Assignment 0 - Flask app connecting to PostgreSQL using environment variables for secure access.
pillimetlavamsi,db_connector,https://hub.docker.com/r/pillimetlavamsi/db_connector,2025-07-07,2025-07-07,2025-11-10,18,0,"Assignment 1 - Python app to connect, query, and manage database records securely."
pillimetlavamsi,add_assignment,https://hub.docker.com/r/pillimetlavamsi/add_assignment,2025-07-09,2025-07-30,2025-07-09,23,0,
pillimetlavamsi,dscc-lab1,https://hub.docker.com/r/pillimetlavamsi/dscc-lab1,2025-07-10,2025-07-10,2025-11-10,10,0,"Assignment 2 - Web scraper using BeautifulSoup to extract, parse, and store website data."
pillimetlavamsi,lab1eval,https://hub.docker.com/r/pillimetlavamsi/lab1eval,2025-07-12,2025-07-12,2025-11-10,14,0,Lab Eval 1 - Hosts a website using NGINX for lab evaluation deployment.
pillimetlavamsi,ipfs_docker,https://hub.docker.com/r/pillimetlavamsi/ipfs_docker,2025-07-16,2025-07-16,2025-11-10,22,0,"Class Assignment - IPFS node on Ubuntu for file upload, IPNS publishing, pinning, and sharing."
pillimetlavamsi,ipfs_docker_new,https://hub.docker.com/r/pillimetlavamsi/ipfs_docker_new,2025-07-16,2025-07-16,2025-11-10,16,0,"Class Assignment - IPFS node on Ubuntu for file upload, IPNS publishing, pinning, and sharing."
pillimetlavamsi,flaskmidterm,https://hub.docker.com/r/pillimetlavamsi/flaskmidterm,2025-09-29,2025-09-29,2025-11-10,14,0,MIDTERM - Lightweight Flask app showing student ID and name using environment variables.
pillimetlavamsi,ipfs-nginx-cys-endsem-22047,https://hub.docker.com/r/pillimetlavamsi/ipfs-nginx-cys-endsem-22047,2025-10-31,2025-10-31,2025-11-10,40,0,"EndSem - Ubuntu NGINX + IPFS image automating JSON upload, IPNS publish, pinning, and serving."
roopak28,lab1-image,https://hub.docker.com/r/roopak28/lab1-image,2025-07-07,2025-07-07,2025-11-11,10,0,Lab Assignment : Basic Docker
roopak28,mylabimage,https://hub.docker.com/r/roopak28/mylabimage,2025-07-07,2025-07-07,2025-11-11,11,0,Assignment :Creates a folder DSCC and echoes  Roll Number
roopak28,db-connector-app,https://hub.docker.com/r/roopak28/db-connector-app,2025-07-07,2025-07-07,2025-11-11,17,0,Assignment0 : db-connector-app image for stable database communication and seamless data access
roopak28,addasign,https://hub.docker.com/r/roopak28/addasign,2025-07-09,2025-07-09,2025-07-09,2,0,
roopak28,addassign,https://hub.docker.com/r/roopak28/addassign,2025-07-09,2025-07-09,2025-11-11,1,0,Assigment2:Automated container for collecting and parsing news data consistently
roopak28,labeval,https://hub.docker.com/r/roopak28/labeval,2025-07-12,2025-07-12,2025-11-11,10,0,Lab Evaluation 1 : Basic Docker
roopak28,ipfs-node,https://hub.docker.com/r/roopak28/ipfs-node,2025-07-16,2025-07-16,2025-07-16,6,0,
roopak28,ipfs_node,https://hub.docker.com/r/roopak28/ipfs_node,2025-07-16,2025-07-16,2025-11-11,22,0,Class Assignment: IPFS node image for decentralized file storage and retrieval
roopak28,flaskapp,https://hub.docker.com/r/roopak28/flaskapp,2025-08-21,2025-08-21,2025-11-11,20,0,"Midterm : Dockerized Flask app printing student details, running on port 5080 for easy deployment."
roopak28,endsem-22048,https://hub.docker.com/r/roopak28/endsem-22048,2025-10-31,2025-10-31,2025-11-11,19,0,"Endsem : endsem image combining IPFS node and NGINX to manage, publish, and serve data."
shanxm,myimage,https://hub.docker.com/r/shanxm/myimage,2025-07-04,2025-07-04,2025-11-10,5,0,assignment - sample practice hello world
shanxm,db-connector,https://hub.docker.com/r/shanxm/db-connector,2025-07-06,2025-07-06,2025-11-10,23,0,Assignment - Database Connector
shanxm,scraper,https://hub.docker.com/r/shanxm/scraper,2025-07-09,2025-07-10,2025-11-10,19,0,Additional assignment - Github
shanxm,flask-app-practice,https://hub.docker.com/r/shanxm/flask-app-practice,2025-07-09,2025-07-09,2025-11-10,3,0,Done as a practice for prep of lab evaluation 1
shanxm,dscc-lab1,https://hub.docker.com/r/shanxm/dscc-lab1,2025-07-10,2025-07-10,2025-11-10,12,0,LAB 1
shanxm,eval_staticpage,https://hub.docker.com/r/shanxm/eval_staticpage,2025-07-12,2025-07-12,2025-11-10,10,0,Lab Evaluation 1
shanxm,practicelab1,https://hub.docker.com/r/shanxm/practicelab1,2025-08-20,2025-08-20,2025-11-10,8,0,lab 1 practice
shanxm,ws_practice,https://hub.docker.com/r/shanxm/ws_practice,2025-08-20,2025-08-20,2025-11-10,14,0,scraper additional practice
shanxm,flaskapp,https://hub.docker.com/r/shanxm/flaskapp,2025-08-21,2025-08-21,2025-11-10,11,0,Midterm lab evaluation
shanxm,ipfs-nginx-cys-endsem-22049,https://hub.docker.com/r/shanxm/ipfs-nginx-cys-endsem-22049,2025-10-31,2025-10-31,2025-11-10,37,0,"End-semester DSCC lab evaluation submission 
made by roll number 49."
narenadithya,alpine-practice,https://hub.docker.com/r/narenadithya/alpine-practice,2025-07-07,2025-07-07,2025-11-10,8,0,Alpine-based image setting ROLLNO and creating Lab1.txt with username
narenadithya,db-connector,https://hub.docker.com/r/narenadithya/db-connector,2025-07-07,2025-07-07,2025-11-10,15,0,"Assignment 1: Database connection app using Python to link, query, and manage records securely."
narenadithya,webscraper,https://hub.docker.com/r/narenadithya/webscraper,2025-07-09,2025-07-09,2025-11-10,14,0,"Assignment - 2 : Python web scraper using BeautifulSoup to extract, parse, and store data."
narenadithya,lab1eval,https://hub.docker.com/r/narenadithya/lab1eval,2025-07-12,2025-07-12,2025-11-10,11,0,This image is for Lab Evaluation -1 Docker Creation and Pushing to DockerHub
narenadithya,ipfs,https://hub.docker.com/r/narenadithya/ipfs,2025-07-16,2025-07-16,2025-11-10,24,0,IPFS Docker image that initializes repo and runs daemon on startup
narenadithya,private-ipfs-node,https://hub.docker.com/r/narenadithya/private-ipfs-node,2025-08-20,2025-08-20,2025-11-10,37,0,Private IPFS network image using Kubo with swarm key and init script
narenadithya,flaskapp,https://hub.docker.com/r/narenadithya/flaskapp,2025-08-21,2025-08-21,2025-11-10,18,0,MIDTERM - Lightweight Flask app showing student ID and name via env variables.
sruthi2004,private-ipfs,https://hub.docker.com/r/sruthi2004/private-ipfs,2025-08-13,2025-08-13,2025-11-11,29,0,PFS node container on Ubuntu for file upload
sruthi2004,lab1eval,https://hub.docker.com/r/sruthi2004/lab1eval,2025-08-20,2025-08-20,2025-08-20,16,0,
sruthi2004,flask-midterm,https://hub.docker.com/r/sruthi2004/flask-midterm,2025-08-21,2025-08-21,2025-11-11,8,0,flask-app midterm evaluation
sruthi2004,myapp,https://hub.docker.com/r/sruthi2004/myapp,2025-10-04,2025-10-04,2025-11-11,8,0,flask app exercise
sruthi2004,lab1,https://hub.docker.com/r/sruthi2004/lab1,2025-10-30,2025-10-30,2025-11-11,19,0,Image of the lab1 exercise
sruthi2004,ipfs-nginx-cys-endsem-22051,https://hub.docker.com/r/sruthi2004/ipfs-nginx-cys-endsem-22051,2025-10-31,2025-10-31,2025-11-11,20,0,End sem eval image
rahulshankarv,dsccapp-22052,https://hub.docker.com/r/rahulshankarv/dsccapp-22052,2025-07-06,2025-07-06,2025-11-10,13,0,Simple Docker Exercise
rahulshankarv,ruby-db-connector,https://hub.docker.com/r/rahulshankarv/ruby-db-connector,2025-07-07,2025-07-07,2025-11-10,15,0,Simple database connector node in docker
rahulshankarv,scrappy,https://hub.docker.com/r/rahulshankarv/scrappy,2025-07-09,2025-07-10,2025-11-10,16,0,Web scrapper deployment
rahulshankarv,nginxtest,https://hub.docker.com/r/rahulshankarv/nginxtest,2025-07-12,2025-07-12,2025-11-10,7,0,Nginx Clone docker container
rahulshankarv,rahuls-ipfs-node,https://hub.docker.com/r/rahulshankarv/rahuls-ipfs-node,2025-07-16,2025-07-16,2025-11-10,20,0,Simple IPFS node using docker
rahulshankarv,ipfs-private,https://hub.docker.com/r/rahulshankarv/ipfs-private,2025-08-13,2025-08-13,2025-11-10,19,0,Private IPFS node as a docker container
rahulshankarv,flask_app,https://hub.docker.com/r/rahulshankarv/flask_app,2025-08-21,2025-08-21,2025-11-10,17,0,Mid Semester Lab Evaluation
rahulshankarv,ipfs-nginx-cys-endsem-22052,https://hub.docker.com/r/rahulshankarv/ipfs-nginx-cys-endsem-22052,2025-10-31,2025-10-31,2025-11-10,32,0,End Semester Lab Evaluation
rathneshr,dscc-lab1,https://hub.docker.com/r/rathneshr/dscc-lab1,2025-07-08,2025-07-08,2025-11-11,13,0,Assignment 0 - Flask App Connecting to PostgreSQL
rathneshr,db-connector-app,https://hub.docker.com/r/rathneshr/db-connector-app,2025-07-08,2025-07-08,2025-11-11,13,0,Assignment 1 - Database connection app using Python
rathneshr,web-scraper,https://hub.docker.com/r/rathneshr/web-scraper,2025-07-10,2025-07-10,2025-11-11,17,0,Assignment 2 - Python Web Scraper
rathneshr,lab1eval,https://hub.docker.com/r/rathneshr/lab1eval,2025-07-12,2025-07-12,2025-11-11,9,0,Mid Term Evaluation
rathneshr,ipfs-private,https://hub.docker.com/r/rathneshr/ipfs-private,2025-08-13,2025-08-13,2025-11-11,17,0,Assignment 3 - IPFS
rathneshr,22053,https://hub.docker.com/r/rathneshr/22053,2025-08-21,2025-08-21,2025-08-21,15,0,
rathneshr,ipfs-nginx-cys-endsem-22053,https://hub.docker.com/r/rathneshr/ipfs-nginx-cys-endsem-22053,2025-10-31,2025-10-31,2025-11-11,26,0,End Semester - nginx
ramrajs,assignment1,https://hub.docker.com/r/ramrajs/assignment1,2025-07-07,2025-07-07,2025-11-11,9,0,Assignment: Flask app connecting to PostgreSQL DB + reading environment variables
ramrajs,db-connector,https://hub.docker.com/r/ramrajs/db-connector,2025-07-07,2025-07-07,2025-11-11,19,0,Assignment: connect to db using python
ramrajs,webscraper,https://hub.docker.com/r/ramrajs/webscraper,2025-07-09,2025-07-09,2025-11-11,7,0,Assignment: webscraper using python + beautiful soup
ramrajs,welcome-to-docker,https://hub.docker.com/r/ramrajs/welcome-to-docker,2025-07-12,2025-07-12,2025-07-12,12,0,
ramrajs,labeval1,https://hub.docker.com/r/ramrajs/labeval1,2025-07-12,2025-07-12,2025-11-11,15,0,Lab eval: NGINX + Environment variables
ramrajs,ipfs-node,https://hub.docker.com/r/ramrajs/ipfs-node,2025-07-16,2025-07-16,2025-11-11,21,0,"Assignment: IPFS + IPNS (pinning, serving, etc.)"
ramrajs,flaskmidterm,https://hub.docker.com/r/ramrajs/flaskmidterm,2025-09-29,2025-09-29,2025-11-11,38,0,Midsem: Flask app
ramrajs,ipfs-nginx-cys-endsem-22055,https://hub.docker.com/r/ramrajs/ipfs-nginx-cys-endsem-22055,2025-10-31,2025-10-31,2025-11-11,21,0,End semester Lab Docker Image: Ubuntu NGINX + IPFS
thanujjj,practice-lab1,https://hub.docker.com/r/thanujjj/practice-lab1,2025-07-07,2025-07-07,2025-11-10,6,0,Alpine-based image setting ROLLNO and creating Lab1.txt with username – Lab1 – Practice exercise
thanujjj,mongo,https://hub.docker.com/r/thanujjj/mongo,2025-07-07,2025-07-07,2025-11-10,10,0,Docker image for a database connector app with env vars and exposed port – Lab 1
thanujjj,additional_assignment,https://hub.docker.com/r/thanujjj/additional_assignment,2025-07-09,2025-07-09,2025-11-10,0,0,Python web scraper Docker image to fetch article titles using env URL – Lab1 Additional assignment
thanujjj,lab1eval,https://hub.docker.com/r/thanujjj/lab1eval,2025-07-12,2025-07-12,2025-11-10,5,0,Docker image for a static website deployment using NGINX – Lab Evaluation 1
thanujjj,ipfs-node,https://hub.docker.com/r/thanujjj/ipfs-node,2025-07-16,2025-07-30,2025-11-10,37,0,IPFS Docker image that initializes repo and runs daemon on startup – Practice
thanujjj,docker-private-ipfs,https://hub.docker.com/r/thanujjj/docker-private-ipfs,2025-08-13,2025-08-13,2025-11-10,20,0,Private IPFS network image using Kubo with swarm key and init script – Practice
thanujjj,flaskapp,https://hub.docker.com/r/thanujjj/flaskapp,2025-08-21,2025-08-21,2025-11-10,14,0,Python Flask app displaying student ID & name using environment variables on a web page – Midterm
mohanvamsi06,lab1_practice_exercise,https://hub.docker.com/r/mohanvamsi06/lab1_practice_exercise,2025-07-11,2025-07-11,2025-07-11,12,0,Practice exercise for Lab 1 20CYS402 course
mohanvamsi06,lab1_assignment,https://hub.docker.com/r/mohanvamsi06/lab1_assignment,2025-07-11,2025-07-11,2025-07-11,16,0,Lab 1 Assignment for 20CYS402 course
mohanvamsi06,lab1_additional_assignment,https://hub.docker.com/r/mohanvamsi06/lab1_additional_assignment,2025-07-11,2025-07-11,2025-07-11,16,0,Lab 1 Additional Assignment for 20CYS402 course
mohanvamsi06,lab_eval1,https://hub.docker.com/r/mohanvamsi06/lab_eval1,2025-07-12,2025-07-12,2025-07-12,15,0,Lab evalution 1 task of course 20CYS402
mohanvamsi06,lab2_ipfs,https://hub.docker.com/r/mohanvamsi06/lab2_ipfs,2025-07-16,2025-07-16,2025-11-12,20,0,Lab assignment 2 for 20CYS402 course
mohanvamsi06,fyp,https://hub.docker.com/r/mohanvamsi06/fyp,2025-09-12,2025-11-14,2025-11-12,405,0,kubernetes auditor for CIS-1.11
mohanvamsi06,flaskmidterm,https://hub.docker.com/r/mohanvamsi06/flaskmidterm,2025-09-29,2025-09-29,2025-11-12,37,0,Missed Midterm submission for 20CYS402 course
mohanvamsi06,ipfs-nginx-cys-endsem-22057,https://hub.docker.com/r/mohanvamsi06/ipfs-nginx-cys-endsem-22057,2025-10-31,2025-10-31,2025-11-12,31,0,20CYS402 DSCC endsem exam submission
chakri07,dscc-lab1,https://hub.docker.com/r/chakri07/dscc-lab1,2025-07-09,2025-07-09,2025-11-10,1,0,Assignment 1 : Creation of a Docker image and pushing to DockerHub
chakri07,db-connector,https://hub.docker.com/r/chakri07/db-connector,2025-07-09,2025-07-09,2025-11-10,5,0,Assignment 1 : Create a Docker Image for a Database Connector.
chakri07,mylabimage,https://hub.docker.com/r/chakri07/mylabimage,2025-07-09,2025-07-09,2025-07-09,3,0,
chakri07,web-scraper,https://hub.docker.com/r/chakri07/web-scraper,2025-07-09,2025-07-09,2025-11-10,5,0,A Docker image for creating a Python-based web scrapper
chakri07,my-scraper,https://hub.docker.com/r/chakri07/my-scraper,2025-07-10,2025-07-10,2025-11-10,16,0,Additional Assignment : Creating a docker image for scraping news articles
chakri07,lab1eval,https://hub.docker.com/r/chakri07/lab1eval,2025-07-12,2025-07-12,2025-11-10,12,0,"Lab Evaluation 1 : Creation of a Static NGINX website, Exposing Port 8080"
chakri07,custom-ipfs-node,https://hub.docker.com/r/chakri07/custom-ipfs-node,2025-07-16,2025-07-16,2025-11-10,17,0,"Lab Assignment 2 : IPFS node Container on Ubuntu for file upload,IPNS publish ,pinning and share"
chakri07,flaskmidterm,https://hub.docker.com/r/chakri07/flaskmidterm,2025-09-29,2025-09-29,2025-11-10,20,0,CYS22059 Midterm submission
chakri07,my-app,https://hub.docker.com/r/chakri07/my-app,2025-10-30,2025-10-30,2025-10-30,23,0,
chakri07,ipfs-nginx-cys-endsem-22059,https://hub.docker.com/r/chakri07/ipfs-nginx-cys-endsem-22059,2025-10-31,2025-10-31,2025-11-10,22,0,CYS22059 - End Semester Submission
parzimes,dscc-practice,https://hub.docker.com/r/parzimes/dscc-practice,2025-07-08,2025-07-08,2025-11-10,16,0,Practice Lab: Flask-based DSCC container showcasing API endpoints and networking.
parzimes,db-connector-app,https://hub.docker.com/r/parzimes/db-connector-app,2025-07-08,2025-07-08,2025-11-10,23,0,Assignment 1: Python app for querying and managing PostgreSQL via secure connection.
parzimes,web-scraper,https://hub.docker.com/r/parzimes/web-scraper,2025-07-09,2025-07-10,2025-11-10,18,0,Assignment 2: Python web scraper using BeautifulSoup to parse and store data.
parzimes,ipfs-private,https://hub.docker.com/r/parzimes/ipfs-private,2025-08-13,2025-08-13,2025-11-10,36,0,"Class Assignment: Private IPFS node for local file upload, pinning, and content sharing within LAN."
parzimes,flaskmidterm,https://hub.docker.com/r/parzimes/flaskmidterm,2025-09-29,2025-09-29,2025-11-10,28,0,Midterm: Flask app showing student info via secure environment variables.
parzimes,flaskapp,https://hub.docker.com/r/parzimes/flaskapp,2025-09-29,2025-09-29,2025-11-10,19,0,Assignment 0: Flask - PostgreSQL app with secure DB access through environment vars.
parzimes,ipfs-nginx-cys-endsem-22060,https://hub.docker.com/r/parzimes/ipfs-nginx-cys-endsem-22060,2025-10-31,2025-10-31,2025-11-10,25,0,"EndSem: Automated IPFS + NGINX setup for JSON upload, IPNS publish, and file serving."
sharvesh27,dscc-lab1,https://hub.docker.com/r/sharvesh27/dscc-lab1,2025-07-09,2025-07-10,2025-11-10,12,0,Assignment 0: Flask app connecting to PostgreSQL for secure database access via environment vars.
sharvesh27,db-connector-python,https://hub.docker.com/r/sharvesh27/db-connector-python,2025-07-10,2025-07-10,2025-11-10,13,0,"Assignment 1: Database connection app using Python to link, query, and manage records securely."
sharvesh27,web-scraper,https://hub.docker.com/r/sharvesh27/web-scraper,2025-07-10,2025-07-10,2025-11-10,17,0,"Assignment - 2 : Python web scraper using BeautifulSoup to extract, parse, and store data."
sharvesh27,private-ipfs,https://hub.docker.com/r/sharvesh27/private-ipfs,2025-08-21,2025-08-21,2025-11-10,11,0,Downloads kubo and sets up a private ipfs network. Done as part of lab assignment.
sharvesh27,flaskapp,https://hub.docker.com/r/sharvesh27/flaskapp,2025-08-21,2025-08-21,2025-11-10,14,0,MIDTERM - Lightweight Flask app showing student ID and name via env variables.
sharvesh27,ipfs-nginx-cys-endsem-22061,https://hub.docker.com/r/sharvesh27/ipfs-nginx-cys-endsem-22061,2025-10-31,2025-10-31,2025-11-10,35,0,"EndSem: Ubuntu NGINX + IPFS image automating JSON upload, IPNS publish, pinning, and serve."
sharvesh27,cis-scan,https://hub.docker.com/r/sharvesh27/cis-scan,2025-11-10,2025-11-11,2025-11-10,90,0,
shravankrishnan,mongo-connector,https://hub.docker.com/r/shravankrishnan/mongo-connector,2025-07-08,2025-07-08,2025-11-10,21,0,Assignment O: Flask app connecting to PostgreSQL for secure database access via environment vars.
shravankrishnan,web-scraper,https://hub.docker.com/r/shravankrishnan/web-scraper,2025-07-10,2025-07-10,2025-11-10,25,0,"Assignment - 2 : Python web scraper using BeautifulSoup to extract, parse, and store data."
shravankrishnan,lab1eval,https://hub.docker.com/r/shravankrishnan/lab1eval,2025-07-12,2025-07-12,2025-11-10,24,0,lab evaluation 1
shravankrishnan,my-ipfs-node,https://hub.docker.com/r/shravankrishnan/my-ipfs-node,2025-07-17,2025-07-17,2025-11-10,24,0,"Class Assignment: IPFS node container on Ubuntu for file upload, IPNS publish, pinning. and share."
shravankrishnan,my-ipfs-image,https://hub.docker.com/r/shravankrishnan/my-ipfs-image,2025-08-13,2025-08-13,2025-08-13,20,0,
shravankrishnan,ipfs-image,https://hub.docker.com/r/shravankrishnan/ipfs-image,2025-08-13,2025-08-13,2025-08-13,9,0,
shravankrishnan,flask-app,https://hub.docker.com/r/shravankrishnan/flask-app,2025-08-21,2025-08-21,2025-11-10,22,0,MIDTERM - Lightweight Flask app showing student ID and name via env variables.
shravankrishnan,ipfs-nginx-cys-endsem-22062,https://hub.docker.com/r/shravankrishnan/ipfs-nginx-cys-endsem-22062,2025-10-31,2025-10-31,2025-11-10,22,0,"EndSem: Ubuntu NGINX + IPFS image automating JSON upload, IPNS publish, pinning, and serve."
siddhuvajjula,db-connector,https://hub.docker.com/r/siddhuvajjula/db-connector,2025-07-09,2025-07-09,2025-11-10,4,0,"Assignment 1-Python app to connect, query, and manage database records securely."
siddhuvajjula,dscc-lab1,https://hub.docker.com/r/siddhuvajjula/dscc-lab1,2025-07-09,2025-07-09,2025-11-10,1,0,Assignment 0 - Flask app connecting to PostgreSQL using environment variables for secure access.
siddhuvajjula,srapperr-img,https://hub.docker.com/r/siddhuvajjula/srapperr-img,2025-07-10,2025-07-10,2025-11-10,13,0,"Assignment 2 - Web scraper using BeautifulSoup to extract, parse, and store website data."
siddhuvajjula,lab1eval,https://hub.docker.com/r/siddhuvajjula/lab1eval,2025-07-12,2025-07-12,2025-07-12,11,0,
siddhuvajjula,sid-ipfs-node,https://hub.docker.com/r/siddhuvajjula/sid-ipfs-node,2025-07-16,2025-07-16,2025-11-10,22,0,"Class Assignment - IPFS node on Ubuntu for file upload, IPNS publishing, pinning, and sharing."
siddhuvajjula,flask,https://hub.docker.com/r/siddhuvajjula/flask,2025-09-28,2025-09-28,2025-09-28,19,0,
siddhuvajjula,flaskmidterm,https://hub.docker.com/r/siddhuvajjula/flaskmidterm,2025-09-29,2025-09-29,2025-11-10,40,0,MISSED_MIDTERM - Lightweight Flask app showing student ID and name using environment variables.
siddhuvajjula,ipfs-nginx-cys-endsem-22063,https://hub.docker.com/r/siddhuvajjula/ipfs-nginx-cys-endsem-22063,2025-10-31,2025-10-31,2025-11-10,25,0,"EndSem - Ubuntu NGINX + IPFS image automating JSON upload, IPNS publish, pinning, and serving."
kishansai,cloud_lab1,https://hub.docker.com/r/kishansai/cloud_lab1,2025-07-04,2025-07-04,2025-11-10,9,0,Practice Assignment Given in class Just to know about docker how it works done it in first lab class
kishansai,dscc-lab1,https://hub.docker.com/r/kishansai/dscc-lab1,2025-07-07,2025-07-07,2025-11-10,13,0,Assignment 0 - Flask app connecting to PostgreSQL using environment variables for secure DB access.
kishansai,db-connector,https://hub.docker.com/r/kishansai/db-connector,2025-07-07,2025-07-08,2025-11-10,23,0,"Assignment 1 - Python app to connect, query, and manage database records securely."
kishansai,web-scraper,https://hub.docker.com/r/kishansai/web-scraper,2025-07-09,2025-07-09,2025-11-10,14,0,Assignment 2 - Web scraper using BeautifulSoup to extract and store data from websites.
kishansai,labeval1,https://hub.docker.com/r/kishansai/labeval1,2025-07-12,2025-07-12,2025-11-10,13,0,Lab Eval 1: Hosts a website using NGINX for lab evaluation deployment.
kishansai,ipfs-node,https://hub.docker.com/r/kishansai/ipfs-node,2025-07-16,2025-07-16,2025-11-10,14,0,"Class Assignment - IPFS node on Ubuntu for file upload, IPNS publish, pinning, and sharing."
kishansai,flaskmidterm,https://hub.docker.com/r/kishansai/flaskmidterm,2025-09-29,2025-09-29,2025-11-10,60,0,MIDTERM - Lightweight Flask app showing student ID and name using environment variables.
kishansai,ipfs-nginx-cys-endsem-22064,https://hub.docker.com/r/kishansai/ipfs-nginx-cys-endsem-22064,2025-11-10,2025-11-10,2025-11-10,12,0,"EndSem - Ubuntu NGINX + IPFS image for automated JSON upload, IPNS publish, pinning, and serving."
saisupraj,lab1-image,https://hub.docker.com/r/saisupraj/lab1-image,2025-07-10,2025-07-10,2025-11-10,14,0,"Assignment 1 - Python app to connect, query, and manage database records securely."
saisupraj,lab2-image,https://hub.docker.com/r/saisupraj/lab2-image,2025-07-10,2025-07-10,2025-11-10,13,0,"Assignment 2 - Web scraper using BeautifulSoup to extract, parse, and store website data."
saisupraj,aa-image,https://hub.docker.com/r/saisupraj/aa-image,2025-07-10,2025-07-10,2025-11-10,11,0,"Class Assignment - IPFS node on Ubuntu for file upload, IPNS publishing, pinning, and sharing."
saisupraj,eval-iamge,https://hub.docker.com/r/saisupraj/eval-iamge,2025-07-12,2025-07-12,2025-11-10,14,0,Lab Eval 1 - Hosts a website using NGINX for lab evaluation deployment.
saisupraj,flaskapp1,https://hub.docker.com/r/saisupraj/flaskapp1,2025-08-21,2025-08-21,2025-11-10,19,0,MIDTERM - Lightweight Flask app showing student ID and name using environment variables.
saisupraj,ipfs-nginx-cys-endsem-22065,https://hub.docker.com/r/saisupraj/ipfs-nginx-cys-endsem-22065,2025-11-10,2025-11-10,2025-11-10,21,0,"EndSem- Ubuntu NGINX + IPFS image automating JSON upload, IPNS publish, pinning, and serving."
parvathis066,base-image,https://hub.docker.com/r/parvathis066/base-image,2025-07-09,2025-07-10,2025-07-09,11,0,
parvathis066,db-connector,https://hub.docker.com/r/parvathis066/db-connector,2025-07-09,2025-07-10,2025-11-11,23,0,Assignment 2 - Database connecting
parvathis066,web-scraper,https://hub.docker.com/r/parvathis066/web-scraper,2025-07-09,2025-07-09,2025-11-11,6,0,Assignment 3 - Webscraping titles from sites
parvathis066,db-connecter,https://hub.docker.com/r/parvathis066/db-connecter,2025-07-10,2025-07-10,2025-07-10,13,0,
parvathis066,eval,https://hub.docker.com/r/parvathis066/eval,2025-07-12,2025-07-12,2025-11-11,12,0,Lab evaluation
parvathis066,ipfsnode,https://hub.docker.com/r/parvathis066/ipfsnode,2025-07-16,2025-07-16,2025-07-16,39,0,
parvathis066,ipfspriv-ipfs-node1,https://hub.docker.com/r/parvathis066/ipfspriv-ipfs-node1,2025-08-13,2025-08-13,2025-11-11,23,0,Creating ipfs nodes
parvathis066,ipfspriv-ipfs-node2,https://hub.docker.com/r/parvathis066/ipfspriv-ipfs-node2,2025-08-13,2025-08-13,2025-11-11,18,0,Creating ipfs nodes
parvathis066,flaskapp,https://hub.docker.com/r/parvathis066/flaskapp,2025-08-21,2025-08-21,2025-11-11,17,0,Midterm - Creating a flask application
parvathis066,ipfs-nginx-cys-endsem-22066,https://hub.docker.com/r/parvathis066/ipfs-nginx-cys-endsem-22066,2025-10-31,2025-10-31,2025-11-11,26,0,End Semester lab evaluation
amitank67,lab1-image,https://hub.docker.com/r/amitank67/lab1-image,2025-07-05,2025-07-05,2025-11-10,14,0,Lab 1 – Alpine image demonstrating basic Dockerfile commands for CYS practicals.
amitank67,db-connector-image,https://hub.docker.com/r/amitank67/db-connector-image,2025-07-06,2025-07-06,2025-11-10,18,0,Assignment 1 – Flask app connecting to PostgreSQL using environment variables securely.
amitank67,webscraper,https://hub.docker.com/r/amitank67/webscraper,2025-07-09,2025-07-09,2025-11-10,6,0,Assignment 2 – Python web scraper using BeautifulSoup for data extraction and parsing.
amitank67,lab1eval,https://hub.docker.com/r/amitank67/lab1eval,2025-07-12,2025-07-12,2025-11-10,11,0,Evaluation – Alpine image demonstrating file creation and display using Docker commands.
amitank67,custom-ipfs-node,https://hub.docker.com/r/amitank67/custom-ipfs-node,2025-07-16,2025-07-16,2025-11-10,17,0,"Assignment 3 – Custom IPFS node container for file upload, IPNS publish, and pinning."
amitank67,ipfs-private,https://hub.docker.com/r/amitank67/ipfs-private,2025-08-13,2025-08-13,2025-11-10,37,0,Assignment 4– Private IPFS node setup for restricted file sharing and publishing.
amitank67,flaskmidterm,https://hub.docker.com/r/amitank67/flaskmidterm,2025-09-29,2025-09-29,2025-11-10,80,0,Midterm – Lightweight Flask app showing student details via environment variables.
amitank67,ipfs-nginx-cys-endsem-22067,https://hub.docker.com/r/amitank67/ipfs-nginx-cys-endsem-22067,2025-10-31,2025-10-31,2025-11-10,24,0,"EndSem – Ubuntu NGINX + IPFS image automating JSON upload, IPNS publish, and serve."
mukesher4,lab01,https://hub.docker.com/r/mukesher4/lab01,2025-07-09,2025-07-09,2025-11-12,5,0,"Assignment 1: Database connection app to link, query, and manage records securely."
mukesher4,lab03,https://hub.docker.com/r/mukesher4/lab03,2025-07-10,2025-07-10,2025-11-12,17,0,"Assignment - 2 : Python web scraper using BeautifulSoup to extract, parse, and store data."
mukesher4,lab0,https://hub.docker.com/r/mukesher4/lab0,2025-07-11,2025-07-11,2025-07-11,8,0,
mukesher4,lab1eval,https://hub.docker.com/r/mukesher4/lab1eval,2025-07-12,2025-07-12,2025-07-12,11,0,
mukesher4,ipfs-ipfs-node1,https://hub.docker.com/r/mukesher4/ipfs-ipfs-node1,2025-08-14,2025-08-14,2025-11-12,25,0,"Class Assignment: IPFS node container on Ubuntu for file upload, IPNS publish, pinning, and share."
mukesher4,ipfs-ipfs-node2,https://hub.docker.com/r/mukesher4/ipfs-ipfs-node2,2025-08-14,2025-08-14,2025-08-14,16,0,
mukesher4,flaskapp,https://hub.docker.com/r/mukesher4/flaskapp,2025-09-29,2025-09-29,2025-09-29,24,0,
mukesher4,flaskmidterm,https://hub.docker.com/r/mukesher4/flaskmidterm,2025-09-29,2025-09-29,2025-11-12,41,0,MIDTERM - Lightweight Flask app showing student ID and name via env variables.
mukesher4,ipfs-nginx-cys-endsem-22068,https://hub.docker.com/r/mukesher4/ipfs-nginx-cys-endsem-22068,2025-10-31,2025-10-31,2025-11-12,29,0,"EndSem: Ubuntu NGINX + IPFS image automating JSON upload, IPNS publish, pinning, and serve."
anurag018,dscc-lab1,https://hub.docker.com/r/anurag018/dscc-lab1,2025-07-09,2025-07-09,2025-11-10,11,0,Assignment 0: Flask app connecting to PostgreSQL for secure database access via environment vars.
anurag018,db-connect,https://hub.docker.com/r/anurag018/db-connect,2025-07-09,2025-07-09,2025-11-10,2,0,"Assignment 1: Database connection app using Python to link, query, and manage records securely."
anurag018,web-scrapper,https://hub.docker.com/r/anurag018/web-scrapper,2025-07-10,2025-07-10,2025-11-10,12,0,"Assignment - 2 : Python web scraper using BeautifulSoup to extract, parse, and store data."
anurag018,ipfs-node,https://hub.docker.com/r/anurag018/ipfs-node,2025-07-17,2025-07-17,2025-11-10,14,0,"Class Assignment: IPFS node container on Ubuntu for file upload, IPNS publish, pinning, and share."
anurag018,ipfs-nginx-cys-endsem-22069,https://hub.docker.com/r/anurag018/ipfs-nginx-cys-endsem-22069,2025-10-31,2025-10-31,2025-11-10,25,0,"EndSem: Ubuntu NGINX + IPFS image automating JSON upload, IPNS publish, pinning, and serve."
anurag018,flaskapp,https://hub.docker.com/r/anurag018/flaskapp,2025-11-10,2025-11-10,2025-11-10,15,0,MIDTERM - Lightweight Flask app showing student ID and name via env variables.
nandanamahesh,alpine-practice,https://hub.docker.com/r/nandanamahesh/alpine-practice,2025-07-07,2025-07-07,2025-11-10,10,0,Practice Exercise for Lab 1: Docker image creation and uploading to DockerHub.
nandanamahesh,db-connector,https://hub.docker.com/r/nandanamahesh/db-connector,2025-07-07,2025-07-07,2025-11-10,14,0,Lab 1 Assignment: Creating a Docker image for a database connector application.
nandanamahesh,web-scraper,https://hub.docker.com/r/nandanamahesh/web-scraper,2025-07-09,2025-07-09,2025-11-10,8,0,Lab 1 Additional Assignment: Creating a Docker image for a web scraper to fetch titles of articles.
nandanamahesh,myapp,https://hub.docker.com/r/nandanamahesh/myapp,2025-07-11,2025-07-11,2025-11-10,11,0,My Practice Docker image for an application.
nandanamahesh,lab1eval,https://hub.docker.com/r/nandanamahesh/lab1eval,2025-07-12,2025-07-12,2025-11-10,8,0,Lab Evaluation 1 task: Create a Docker image for a static website deployment using NGINX.
nandanamahesh,ipfs-node,https://hub.docker.com/r/nandanamahesh/ipfs-node,2025-07-16,2025-07-16,2025-11-10,22,0,IPFS node setup using Docker which can be used for publishing.
nandanamahesh,ipfs-private,https://hub.docker.com/r/nandanamahesh/ipfs-private,2025-08-13,2025-08-13,2025-11-10,36,0,Practice for Private IPFS and publishing using IPNS.
nandanamahesh,myipfs-private,https://hub.docker.com/r/nandanamahesh/myipfs-private,2025-08-13,2025-08-13,2025-11-10,32,0,Private IPFS Lab Exercise: Setting up a private IPFS network and using IPNS for publishing content.
nandanamahesh,flaskapp,https://hub.docker.com/r/nandanamahesh/flaskapp,2025-08-21,2025-08-21,2025-11-10,23,0,Midterm lab task: Flask app with IPNS-Backed Docker Image Hosting.
nandanamahesh,ipfs-nginx-cys-endsem-22070,https://hub.docker.com/r/nandanamahesh/ipfs-nginx-cys-endsem-22070,2025-10-31,2025-10-31,2025-11-10,22,0,End Semester lab task: NGINX server with Private IPFS and publishing using IPNS.
shajianagh,dscc,https://hub.docker.com/r/shajianagh/dscc,2025-07-07,2025-07-07,2025-11-11,13,0,Assignment 0 - Practice Assignment
shajianagh,db-connector,https://hub.docker.com/r/shajianagh/db-connector,2025-07-07,2025-07-07,2025-11-11,19,0,Lab Assignment 1
shajianagh,web-scraper,https://hub.docker.com/r/shajianagh/web-scraper,2025-07-09,2025-07-09,2025-11-11,10,0,"Lab 1 Additional : Python web scraper using BeautifulSoup to extract, parse, and store data."
shajianagh,lab_eval,https://hub.docker.com/r/shajianagh/lab_eval,2025-07-12,2025-07-12,2025-11-11,13,0,Lab Evaluation 1 Task
shajianagh,my-ipfs-node,https://hub.docker.com/r/shajianagh/my-ipfs-node,2025-07-16,2025-07-16,2025-11-11,15,0,Ipfs Node using DockerHub
shajianagh,ipfs-private,https://hub.docker.com/r/shajianagh/ipfs-private,2025-08-13,2025-08-13,2025-11-11,41,0,"Private IPFS Lab: IPFS node container on Ubuntu for file upload, IPNS publish, pinning, and share."
shajianagh,flaskapp,https://hub.docker.com/r/shajianagh/flaskapp,2025-08-21,2025-08-21,2025-11-11,21,0,MIDTERM - Lightweight Flask app showing student ID and name via env variables.
shajianagh,ipfs-nginx-cys-endsem-22071,https://hub.docker.com/r/shajianagh/ipfs-nginx-cys-endsem-22071,2025-10-31,2025-10-31,2025-11-11,31,0,"EndSem: Ubuntu NGINX + IPFS image automating JSON upload, IPNS publish, pinning, and serve."
srilakshmi2277,clouddemo,https://hub.docker.com/r/srilakshmi2277/clouddemo,2025-07-07,2025-07-07,2025-11-10,15,0,Cloud Demo: Alpine image setting ENV variable and creating DSCC folder for Docker practice.
srilakshmi2277,db-connector,https://hub.docker.com/r/srilakshmi2277/db-connector,2025-07-07,2025-07-07,2025-11-10,17,0,Assignment 1: Python app managing secure database connections and CRUD operations.
srilakshmi2277,web-scraper,https://hub.docker.com/r/srilakshmi2277/web-scraper,2025-07-09,2025-07-09,2025-11-10,6,0,Assignment 2: BeautifulSoup-based Python web scraper for extracting and storing data efficiently.
srilakshmi2277,lab1evaluation,https://hub.docker.com/r/srilakshmi2277/lab1evaluation,2025-07-12,2025-07-12,2025-11-10,16,0,Lab Evaluation 1: Custom NGINX image showcasing environment setup and web configuration.
srilakshmi2277,ipfs-node,https://hub.docker.com/r/srilakshmi2277/ipfs-node,2025-07-16,2025-07-16,2025-11-10,21,0,"Class Lab Task: IPFS node on Ubuntu for uploading, pinning, and sharing files over IPFS network."
srilakshmi2277,flaskapp,https://hub.docker.com/r/srilakshmi2277/flaskapp,2025-08-21,2025-08-21,2025-11-10,16,0,Midterm: Flask app integrated with IPFS & IPNS for image hosting and version updates.
srilakshmi2277,ipfs-nginx-cys-endsem-22072,https://hub.docker.com/r/srilakshmi2277/ipfs-nginx-cys-endsem-22072,2025-10-31,2025-10-31,2025-11-10,36,0,"EndSem: Ubuntu-based image with NGINX and IPFS for automated upload, pinning, hosting and serving."
vichushan,practice,https://hub.docker.com/r/vichushan/practice,2025-07-08,2025-07-08,2025-11-10,0,0,Lab practice
vichushan,practice_container,https://hub.docker.com/r/vichushan/practice_container,2025-07-08,2025-07-08,2025-11-10,10,0,Lab practice 2
vichushan,db-connector,https://hub.docker.com/r/vichushan/db-connector,2025-07-08,2025-07-08,2025-11-10,21,0,Creation of database for Lab1
vichushan,web-scraper,https://hub.docker.com/r/vichushan/web-scraper,2025-07-09,2025-07-09,2025-11-10,5,0,Python implementation of web scraper tool
vichushan,web_scraper,https://hub.docker.com/r/vichushan/web_scraper,2025-07-09,2025-07-09,2025-11-10,4,0,Same web scraper under different name
vichushan,webscraper,https://hub.docker.com/r/vichushan/webscraper,2025-07-10,2025-07-10,2025-11-10,16,0,Same but different name
vichushan,website,https://hub.docker.com/r/vichushan/website,2025-07-12,2025-07-12,2025-11-10,6,0,Website using nginx server
vichushan,lab1eval,https://hub.docker.com/r/vichushan/lab1eval,2025-07-12,2025-07-12,2025-11-10,11,0,Lab evaluation 1 - midterm
vichushan,ipfs,https://hub.docker.com/r/vichushan/ipfs,2025-07-16,2025-07-16,2025-11-10,17,0,Creating ipfs in Linux environment
vichushan,ipfs-private,https://hub.docker.com/r/vichushan/ipfs-private,2025-08-13,2025-08-13,2025-11-10,34,0,Creation of private network using ipfs
vichushan,flaskapp,https://hub.docker.com/r/vichushan/flaskapp,2025-08-21,2025-08-21,2025-11-10,22,0,A python based website using the library Flask - implemented using docker
vijaynishanth07,dscc_lab1,https://hub.docker.com/r/vijaynishanth07/dscc_lab1,2025-07-08,2025-07-08,2025-11-10,11,0,Assignment-1 Sample practice hello world
vijaynishanth07,db-connector-app,https://hub.docker.com/r/vijaynishanth07/db-connector-app,2025-07-09,2025-07-09,2025-11-10,3,0,Assignment-2 DB connector
vijaynishanth07,db-connector,https://hub.docker.com/r/vijaynishanth07/db-connector,2025-07-09,2025-07-09,2025-11-10,4,0,Assignment-2 DB connector test image
vijaynishanth07,web-scraper,https://hub.docker.com/r/vijaynishanth07/web-scraper,2025-07-10,2025-07-11,2025-11-10,24,0,Assignment-3 Web scraper
vijaynishanth07,lab1eval,https://hub.docker.com/r/vijaynishanth07/lab1eval,2025-07-12,2025-07-12,2025-11-10,21,0,image for Lab Evaluation-1
vijaynishanth07,custom-ipfs-node,https://hub.docker.com/r/vijaynishanth07/custom-ipfs-node,2025-07-16,2025-07-16,2025-11-10,5,0,Custom IPFSS node practice Lab
vijaynishanth07,ipfs-private-image,https://hub.docker.com/r/vijaynishanth07/ipfs-private-image,2025-08-20,2025-08-20,2025-11-10,31,0,Private IPFS practice Lab
vijaynishanth07,flaskapp,https://hub.docker.com/r/vijaynishanth07/flaskapp,2025-08-21,2025-08-21,2025-11-10,19,0,Midterm LabEval
vijaynishanth07,ipfs-nginx-cys-endsem-22074,https://hub.docker.com/r/vijaynishanth07/ipfs-nginx-cys-endsem-22074,2025-10-31,2025-10-31,2025-11-10,35,0,Endsem Labeval image
vishalyeskay,dscc-image,https://hub.docker.com/r/vishalyeskay/dscc-image,2025-07-07,2025-07-07,2025-11-10,5,0,"Assignment 0: Creates a folder DSCC & file Lab1.txt, echo ""vishalyeskay"" and runs cat Lab1.txt."
vishalyeskay,db-connector-app,https://hub.docker.com/r/vishalyeskay/db-connector-app,2025-07-07,2025-07-07,2025-11-10,23,0,Assignment 1: Create a Docker Image for a Database Connector
vishalyeskay,web-scraper,https://hub.docker.com/r/vishalyeskay/web-scraper,2025-07-10,2025-07-10,2025-11-10,20,0,Assignment 2: Create a web scraper using Python to print each <h1> and <h2> tag from a webpage.
vishalyeskay,lab1eval,https://hub.docker.com/r/vishalyeskay/lab1eval,2025-07-12,2025-07-12,2025-11-10,16,0,Lab Evaluation: Hosts a website using NGINX
vishalyeskay,ipfs-node,https://hub.docker.com/r/vishalyeskay/ipfs-node,2025-07-16,2025-07-16,2025-11-10,19,0,Assignment 3: Building and Run an IPFS Node using Docker
vishalyeskay,vishal-ipfs-private,https://hub.docker.com/r/vishalyeskay/vishal-ipfs-private,2025-08-13,2025-08-13,2025-11-10,39,0,Assignment 4:  Creation of private network using ipfs
vishalyeskay,basichtml,https://hub.docker.com/r/vishalyeskay/basichtml,2025-08-20,2025-08-20,2025-11-10,9,0,Practice: Hosting a NGINX server
vishalyeskay,midterm,https://hub.docker.com/r/vishalyeskay/midterm,2025-08-21,2025-08-21,2025-11-10,15,0,Midterm: Flask app showing student ID and name using env variables along with ipfs and ipns.
vishalyeskay,vishal-alpine,https://hub.docker.com/r/vishalyeskay/vishal-alpine,2025-09-16,2025-09-16,2025-11-10,12,0,"Practice: For Creating a basic echo ""Hello World"" using alpine"
vishalyeskay,vishal-nginx,https://hub.docker.com/r/vishalyeskay/vishal-nginx,2025-09-16,2025-09-16,2025-11-10,25,0,Practice: Hosting a NGINX server
vishalyeskay,ipfs-nginx-cys-endsem-22075,https://hub.docker.com/r/vishalyeskay/ipfs-nginx-cys-endsem-22075,2025-10-31,2025-10-31,2025-11-10,37,0,End Semester: Hosted NGINX which serves IPFS Content and gets its content via NGINX
chandan22076,lab1-dscc,https://hub.docker.com/r/chandan22076/lab1-dscc,2025-07-07,2025-07-10,2025-11-11,17,0,"Alpine image that sets ROLLNO, creates DSCC folder, writes username, and is pushed to Docker Hub."
chandan22076,db-connector,https://hub.docker.com/r/chandan22076/db-connector,2025-07-07,2025-07-07,2025-11-11,17,0,Dockerized app that reads DB env vars and connects to the database on port 8080.
chandan22076,web-scraper,https://hub.docker.com/r/chandan22076/web-scraper,2025-07-09,2025-07-09,2025-11-11,6,0,Dockerized Python scraper that fetches and prints page titles.
chandan22076,lab1eval,https://hub.docker.com/r/chandan22076/lab1eval,2025-07-12,2025-07-12,2025-11-11,12,0,"Dockerize static site on nginx:1.25-alpine; set envs, copy website/, print APP_ENV, expose 8080."
chandan22076,ipfs_node,https://hub.docker.com/r/chandan22076/ipfs_node,2025-07-16,2025-07-16,2025-11-11,18,0,Public IPFS node that connects to the global network and shares content using default peers.
chandan22076,ipfs-private,https://hub.docker.com/r/chandan22076/ipfs-private,2025-08-13,2025-08-13,2025-11-11,40,0,"A private IPFS network using a shared swarm.key, custom bootstrap peers, and no public discovery."
chandan22076,challenge1,https://hub.docker.com/r/chandan22076/challenge1,2025-09-05,2025-09-05,2025-11-11,13,0,Practice image
chandan22076,flaskmidterm,https://hub.docker.com/r/chandan22076/flaskmidterm,2025-09-29,2025-09-29,2025-11-11,33,0,"MISSED MID TERM
Flask app dockerized, versioned, and shared via IPFS/IPNS."
chandan22076,ipfs-nginx-cys-endsem-22076,https://hub.docker.com/r/chandan22076/ipfs-nginx-cys-endsem-22076,2025-10-31,2025-10-31,2025-11-11,18,0,"END SEMESTER EVALUATION
Private IPFS node with NGINX that auto-uploads JSON to IPFS/IPNS."
